mapName,areaId,areaName,northWestX,northWestY,northWestZ,southEastX,southEastY,southEastZ
de_inferno,280,Banana,225.0,1550.0,113.03125,300.0,1625.0,114.610962
de_inferno,302,Quad,1475.0,-100.0,130.03125,1550.0,-25.0,130.03125
de_inferno,370,BombsiteB,100.0,2475.0,160.03125,150.0,2550.0,160.03125
de_inferno,1090,LowerMid,-875.0,625.0,-27.038441,-850.0,650.0,-25.435587
de_inferno,1306,Upstairs,-450.0,275.0,184.03125,-425.0,300.0,184.03125
de_inferno,1933,BombsiteB,300.0,2425.0,160.03125,325.0,2450.0,160.03125
de_inferno,2734,Ruins,900.0,3250.0,144.03125,925.0,3300.0,141.199875
de_inferno,69,BombsiteA,2200.0,525.0,149.032639,2325.0,825.0,151.102753
de_inferno,2860,Ruins,1350.0,2925.0,129.655426,1450.0,2950.0,134.425659
de_inferno,362,BombsiteA,2125.0,625.0,160.03125,2175.0,700.0,160.03125
de_inferno,1035,TSpawn,-1725.0,800.0,-49.998028,-1650.0,825.0,-51.470802
de_inferno,265,SecondMid,150.0,-125.0,49.151405,300.0,-50.0,58.73156
de_inferno,1826,Banana,300.0,1575.0,112.03125,325.0,1625.0,117.703072
de_inferno,805,BombsiteB,225.0,2625.0,160.03125,250.0,2675.0,160.03125
de_inferno,2614,TSpawn,-1650.0,0.0,-63.96875,-1625.0,25.0,-63.96875
de_inferno,259,Apartments,-425.0,-575.0,192.03125,-350.0,-500.0,192.03125
de_inferno,3047,Apartments,1175.0,-275.0,255.146103,1275.0,-200.0,256.03125
de_inferno,2697,SecondMid,-500.0,-250.0,9.338274,-475.0,-200.0,5.906006
de_inferno,905,BombsiteA,2150.0,150.0,160.03125,2175.0,225.0,160.03125
de_inferno,911,Library,2475.0,1275.0,160.03125,2500.0,1325.0,160.03125
de_inferno,1793,TopofMid,1325.0,225.0,130.675552,1375.0,250.0,127.641495
de_inferno,3054,BombsiteA,2225.0,950.0,160.03125,2425.0,1100.0,161.314102
de_inferno,3087,TSpawn,-1300.0,475.0,-55.96875,-1175.0,525.0,-55.96875
de_inferno,440,Kitchen,-225.0,50.0,184.03125,-175.0,100.0,184.03125
de_inferno,520,BombsiteB,450.0,2875.0,160.03125,500.0,2925.0,160.03125
de_inferno,538,CTSpawn,1750.0,2375.0,136.03125,1800.0,2425.0,132.03125
de_inferno,792,Ruins,650.0,3100.0,160.03125,675.0,3150.0,160.03125
de_inferno,2041,Ruins,1050.0,3100.0,128.03125,1075.0,3125.0,128.03125
de_inferno,2258,CTSpawn,2175.0,2650.0,130.135834,2250.0,2675.0,128.03125
de_inferno,445,LowerMid,-650.0,525.0,-20.740047,-525.0,575.0,40.03125
de_inferno,535,Ruins,1525.0,2900.0,127.635872,1600.0,2975.0,139.30835
de_inferno,666,Banana,75.0,1150.0,86.75914,100.0,1275.0,92.995148
de_inferno,2656,BombsiteA,2100.0,300.0,160.03125,2175.0,350.0,160.03125
de_inferno,94,BombsiteA,2200.0,825.0,155.592438,2375.0,950.0,160.03125
de_inferno,1381,Upstairs,-550.0,375.0,40.03125,-525.0,400.0,40.03125
de_inferno,1368,Apartments,-300.0,-525.0,192.03125,-250.0,-500.0,192.03125
de_inferno,688,Apartments,-425.0,-500.0,192.03125,-400.0,-425.0,192.03125
de_inferno,800,BombsiteB,125.0,2900.0,160.03125,150.0,2975.0,160.03125
de_inferno,1060,TSpawn,-1625.0,625.0,-46.085182,-1500.0,650.0,-43.96875
de_inferno,119,Ruins,650.0,3150.0,160.03125,750.0,3275.0,160.03125
de_inferno,356,CTSpawn,2025.0,1750.0,147.759903,2075.0,1875.0,128.03125
de_inferno,383,Ruins,1275.0,3075.0,129.03125,1325.0,3150.0,128.03125
de_inferno,390,Library,2275.0,1350.0,160.03125,2325.0,1500.0,160.03125
de_inferno,1011,LowerMid,-925.0,200.0,0.03125,-875.0,225.0,5.603086
de_inferno,1314,Upstairs,-425.0,50.0,192.03125,-350.0,75.0,184.03125
de_inferno,1750,BombsiteA,1900.0,450.0,160.03125,1950.0,475.0,160.03125
de_inferno,2075,BombsiteB,500.0,2775.0,188.90625,525.0,2800.0,160.03125
de_inferno,18,TSpawn,-1700.0,400.0,-62.313129,-1425.0,600.0,-55.598217
de_inferno,2788,SecondMid,225.0,-50.0,52.865524,275.0,-25.0,60.959568
de_inferno,2961,,2075.0,2800.0,128.03125,2100.0,2825.0,156.03125
de_inferno,2741,CTSpawn,2150.0,2250.0,136.03125,2175.0,2300.0,132.03125
de_inferno,967,Apartments,1150.0,0.0,256.03125,1175.0,25.0,256.03125
de_inferno,2319,CTSpawn,2400.0,1675.0,160.03125,2425.0,1700.0,160.03125
de_inferno,296,CTSpawn,2300.0,1750.0,128.03125,2450.0,1825.0,128.03125
de_inferno,1735,BombsiteA,1700.0,100.0,130.212845,1725.0,125.0,132.266205
de_inferno,1736,BombsiteA,1725.0,100.0,130.44455,1750.0,125.0,132.366364
de_inferno,1831,Banana,275.0,1525.0,109.051369,300.0,1550.0,113.03125
de_inferno,2726,Ruins,825.0,3200.0,160.03125,850.0,3275.0,160.03125
de_inferno,2878,,1950.0,-125.0,211.670853,1975.0,-100.0,228.03125
de_inferno,84,TopofMid,1375.0,225.0,127.355408,1500.0,350.0,133.919693
de_inferno,292,Ruins,1150.0,3200.0,129.03125,1250.0,3275.0,128.03125
de_inferno,2422,BombsiteA,2125.0,125.0,134.731293,2150.0,150.0,160.03125
de_inferno,2654,Arch,1675.0,1025.0,163.547409,1750.0,1075.0,160.174728
de_inferno,241,TSpawn,-1450.0,-175.0,-63.96875,-1350.0,-75.0,-0.995868
de_inferno,1689,CTSpawn,1800.0,1825.0,166.03125,1850.0,1850.0,162.10495
de_inferno,2664,TSpawn,-1750.0,150.0,-62.526733,-1725.0,225.0,-61.463219
de_inferno,3035,LowerMid,-550.0,425.0,40.03125,-500.0,500.0,40.03125
de_inferno,219,BombsiteB,525.0,2725.0,160.03125,600.0,2825.0,160.03125
de_inferno,2737,CTSpawn,1775.0,2225.0,136.03125,1800.0,2300.0,136.03125
de_inferno,3172,Library,2375.0,1550.0,160.03125,2475.0,1575.0,160.03125
de_inferno,2318,CTSpawn,2375.0,1675.0,160.03125,2400.0,1700.0,160.03125
de_inferno,250,Banana,-75.0,1325.0,102.502472,25.0,1425.0,102.105057
de_inferno,441,Kitchen,-275.0,200.0,184.03125,-225.0,250.0,184.03125
de_inferno,2711,SecondMid,925.0,-325.0,100.566925,950.0,-275.0,100.536148
de_inferno,82,Arch,1750.0,1025.0,165.476562,1875.0,1250.0,160.03125
de_inferno,2534,Pit,2600.0,-200.0,84.03125,2625.0,-175.0,88.031242
de_inferno,2855,,75.0,-19.0,220.03125,150.0,-9.0,220.03125
de_inferno,759,CTSpawn,1700.0,2550.0,160.03125,1725.0,2625.0,160.03125
de_inferno,2723,BombsiteA,2175.0,575.0,160.03125,2200.0,650.0,155.215103
de_inferno,1279,LowerMid,-575.0,507.481262,76.031235,-550.0,517.481262,76.259949
de_inferno,1371,Apartments,-375.0,-600.0,206.889145,-350.0,-575.0,192.03125
de_inferno,1397,SecondMid,-275.0,-225.0,18.34594,-225.0,-200.0,25.354031
de_inferno,561,CTSpawn,2175.0,1625.0,160.03125,2300.0,1675.0,160.03125
de_inferno,208,CTSpawn,1625.0,2225.0,160.03125,1700.0,2400.0,160.03125
de_inferno,799,BombsiteB,250.0,3125.0,160.03125,275.0,3175.0,160.03125
de_inferno,864,CTSpawn,1975.0,2625.0,131.685303,2000.0,2750.0,132.03125
de_inferno,1053,TSpawn,-1725.0,50.0,-63.96875,-1650.0,75.0,-63.96875
de_inferno,1662,TopofMid,1575.0,1075.0,157.039688,1600.0,1100.0,159.114883
de_inferno,2747,CTSpawn,2350.0,2225.0,120.03125,2375.0,2275.0,123.585518
de_inferno,3152,BombsiteA,2150.0,350.0,160.03125,2175.0,375.0,160.03125
de_inferno,218,BombsiteB,475.0,2925.0,160.03125,550.0,3025.0,160.03125
de_inferno,1256,Banana,300.0,1950.0,130.03125,325.0,1975.0,128.03125
de_inferno,2811,BombsiteA,1975.0,150.0,158.153198,2025.0,175.0,162.03125
de_inferno,59,Arch,1750.0,1300.0,160.03125,1875.0,1450.0,160.03125
de_inferno,2862,,2400.0,-50.0,142.03125,2425.0,-25.0,142.03125
de_inferno,3037,LowerMid,-575.0,425.0,40.03125,-550.0,500.0,40.03125
de_inferno,592,SecondMid,-325.0,-250.0,16.633484,-275.0,-200.0,18.447119
de_inferno,485,TopofMid,1275.0,1175.0,171.981766,1325.0,1250.0,168.724182
de_inferno,516,BombsiteB,400.0,3150.0,160.03125,500.0,3200.0,160.03125
de_inferno,570,BombsiteA,2375.0,900.0,152.619736,2425.0,950.0,160.03125
de_inferno,2322,Library,2275.0,1500.0,160.03125,2300.0,1525.0,160.03125
de_inferno,42,Apartments,-400.0,-500.0,192.03125,-250.0,-350.0,192.03125
de_inferno,1391,SecondMid,-450.0,-275.0,14.134592,-400.0,-225.0,6.454967
de_inferno,861,CTSpawn,1850.0,2550.0,130.724213,1875.0,2600.0,132.687317
de_inferno,346,,900.0,175.0,151.759949,950.0,300.0,93.031242
de_inferno,227,CTSpawn,2275.0,2100.0,125.424751,2350.0,2200.0,120.03125
de_inferno,506,Middle,325.0,450.0,80.076965,375.0,500.0,81.652809
de_inferno,1204,,-450.0,587.481262,76.03125,-425.0,597.481262,76.03125
de_inferno,1948,BombsiteB,375.0,2825.0,160.03125,400.0,2850.0,160.03125
de_inferno,2072,BombsiteB,500.0,2900.0,160.03125,550.0,2925.0,160.03125
de_inferno,117,BackAlley,850.0,-550.0,94.19619,950.0,-325.0,103.887871
de_inferno,956,,2475.0,0.0,244.03125,2500.0,25.0,212.121887
de_inferno,1403,SecondMid,50.0,-50.0,38.576618,75.0,-25.0,39.871407
de_inferno,2131,Banana,975.0,1850.0,141.428436,1000.0,1875.0,145.493454
de_inferno,2792,SecondMid,725.0,-275.0,95.401787,775.0,-250.0,95.330742
de_inferno,40,Library,2475.0,1100.0,160.03125,2625.0,1275.0,160.03125
de_inferno,2876,,1950.0,-75.0,211.670853,1975.0,-50.0,216.03125
de_inferno,1467,SecondMid,625.0,-275.0,88.03125,650.0,-250.0,88.03125
de_inferno,2027,Ruins,950.0,3100.0,133.259918,975.0,3250.0,129.03125
de_inferno,191,Upstairs,-600.0,150.0,184.03125,-525.0,375.0,40.03125
de_inferno,136,LowerMid,-575.0,675.0,-32.461777,-475.0,775.0,-31.616186
de_inferno,637,LowerMid,-800.0,650.0,-9.679729,-775.0,725.0,-10.522065
de_inferno,1931,BombsiteB,350.0,2625.0,188.90625,375.0,2650.0,160.03125
de_inferno,2596,TSpawn,-1200.0,-475.0,0.03125,-1150.0,-450.0,0.03125
de_inferno,3118,Graveyard,2575.0,375.0,212.113022,2600.0,400.0,215.455887
de_inferno,53,Apartments,975.0,-225.0,256.03125,1100.0,-75.0,256.03125
de_inferno,1347,Bridge,-350.0,-25.0,192.03125,-325.0,0.0,192.03125
de_inferno,2287,CTSpawn,2300.0,1700.0,155.004181,2375.0,1725.0,138.337509
de_inferno,560,CTSpawn,2375.0,1625.0,160.03125,2425.0,1675.0,160.03125
de_inferno,143,Apartments,75.0,-500.0,96.03125,350.0,-400.0,96.03125
de_inferno,1363,Apartments,-225.0,-400.0,192.03125,-200.0,-375.0,192.03125
de_inferno,2628,Apartments,1550.0,-375.0,256.03125,1825.0,-275.0,256.03125
de_inferno,2871,,1875.0,-125.0,152.03125,1900.0,-100.0,171.03125
de_inferno,3028,,1850.0,2925.0,128.03125,1950.0,2975.0,128.03125
de_inferno,72,Pit,2200.0,-300.0,85.17881,2325.0,-150.0,115.509605
de_inferno,1428,Middle,275.0,450.0,82.376236,300.0,475.0,81.748123
de_inferno,2802,TopofMid,1425.0,525.0,133.188736,1475.0,550.0,134.022079
de_inferno,783,Banana,150.0,900.0,78.50061,175.0,950.0,77.152405
de_inferno,8,Middle,475.0,475.0,83.588837,675.0,675.0,89.040161
de_inferno,646,LowerMid,-675.0,-450.0,1.344629,-650.0,-375.0,3.208134
de_inferno,994,LowerMid,-1025.0,100.0,11.131031,-1000.0,150.0,0.03125
de_inferno,2525,Pit,2375.0,-275.0,91.889008,2425.0,-250.0,86.62529
de_inferno,2564,BackAlley,775.0,-775.0,94.147278,850.0,-750.0,93.876045
de_inferno,2925,,275.0,475.0,3.692718,300.0,650.0,20.03125
de_inferno,3155,Balcony,1988.182129,-125.140671,292.03125,2009.074341,-116.392792,251.404724
de_inferno,4,LowerMid,-875.0,-175.0,-0.087162,-675.0,50.0,-3.140303
de_inferno,951,Graveyard,2450.0,50.0,212.291534,2475.0,75.0,212.069107
de_inferno,2059,BombsiteB,450.0,2750.0,160.03125,475.0,2775.0,160.03125
de_inferno,2722,BombsiteA,2175.0,525.0,160.03125,2200.0,575.0,152.107697
de_inferno,396,Quad,1325.0,-125.0,130.03125,1375.0,-25.0,130.03125
de_inferno,409,SecondMid,-200.0,-275.0,31.703279,-150.0,-200.0,31.231287
de_inferno,830,BombsiteB,575.0,2825.0,160.03125,600.0,2875.0,160.03125
de_inferno,1664,CTSpawn,1625.0,2675.0,160.03125,1675.0,2700.0,160.03125
de_inferno,2567,BackAlley,650.0,-725.0,91.969414,675.0,-700.0,91.180084
de_inferno,2805,TopofMid,1550.0,1000.0,150.692673,1600.0,1025.0,158.611557
de_inferno,3056,BombsiteA,2225.0,1100.0,162.482193,2425.0,1125.0,161.527908
de_inferno,359,BombsiteA,1500.0,25.0,130.03125,1550.0,100.0,128.409286
de_inferno,1476,SecondMid,350.0,-300.0,94.259949,375.0,-275.0,88.03125
de_inferno,898,Apartments,1250.0,0.0,256.03125,1275.0,50.0,256.03125
de_inferno,279,BombsiteA,1925.0,625.0,160.03125,2025.0,700.0,160.03125
de_inferno,371,BombsiteB,250.0,2725.0,160.03125,300.0,2800.0,160.03125
de_inferno,603,TSpawn,-1200.0,-150.0,36.28125,-1175.0,-75.0,36.28125
de_inferno,683,Deck,-50.0,200.0,184.03125,-25.0,250.0,184.03125
de_inferno,939,Apartments,975.0,-675.0,128.03125,1000.0,-625.0,128.03125
de_inferno,1193,TRamp,-500.0,775.0,-31.237284,-475.0,800.0,-31.086967
de_inferno,2812,BombsiteA,2025.0,150.0,158.153198,2075.0,175.0,160.03125
de_inferno,231,BombsiteA,2025.0,-25.0,124.827774,2125.0,125.0,134.731293
de_inferno,3089,TSpawn,-1300.0,525.0,-55.96875,-1200.0,600.0,-55.96875
de_inferno,2693,Banana,50.0,1000.0,80.003395,75.0,1075.0,82.442184
de_inferno,2477,,2250.0,-150.0,118.904892,2325.0,-125.0,121.223427
de_inferno,2563,BackAlley,875.0,-775.0,95.691566,900.0,-750.0,99.106689
de_inferno,2822,BombsiteB,850.0,2575.0,140.298355,875.0,2650.0,135.552887
de_inferno,12,BombsiteB,0.0,2700.0,160.03125,175.0,2900.0,160.03125
de_inferno,1175,LowerMid,-525.0,500.0,40.03125,-500.0,525.0,40.03125
de_inferno,2970,,2100.0,2700.0,132.03125,2125.0,2725.0,144.613693
de_inferno,58,Arch,1600.0,1075.0,157.942993,1750.0,1225.0,159.623352
de_inferno,120,Ruins,975.0,3125.0,128.03125,1075.0,3250.0,129.03125
de_inferno,199,Middle,250.0,475.0,80.03125,325.0,625.0,80.162224
de_inferno,358,TopofMid,1475.0,425.0,132.397568,1525.0,550.0,137.545685
de_inferno,507,Banana,400.0,2075.0,129.780121,475.0,2125.0,133.796661
de_inferno,778,SecondMid,775.0,-300.0,98.007309,800.0,-250.0,95.664276
de_inferno,2831,CTSpawn,2000.0,2225.0,136.03125,2075.0,2250.0,138.03125
de_inferno,3159,Balcony,2000.0,-250.0,256.03125,2075.0,-150.0,256.03125
de_inferno,46,Ruins,900.0,3325.0,128.03125,1050.0,3475.0,128.03125
de_inferno,1346,Upstairs,-350.0,50.0,192.03125,-325.0,75.0,184.03125
de_inferno,2149,,1225.0,2675.0,129.351562,1250.0,2700.0,130.085434
de_inferno,2696,Banana,100.0,1200.0,87.611542,125.0,1250.0,91.809372
de_inferno,426,LowerMid,-825.0,400.0,-29.120516,-700.0,450.0,-31.96875
de_inferno,1865,Ruins,800.0,3200.0,160.03125,825.0,3225.0,160.03125
de_inferno,2715,TopofMid,1300.0,325.0,129.440964,1325.0,375.0,123.919731
de_inferno,531,,1200.0,2700.0,127.48526,1275.0,2750.0,127.981354
de_inferno,2023,Ruins,925.0,3275.0,144.03125,950.0,3300.0,129.03125
de_inferno,2647,LowerMid,-925.0,-225.0,0.03125,-800.0,-175.0,-2.945616
de_inferno,2679,LowerMid,-700.0,225.0,-3.847809,-675.0,300.0,3.198956
de_inferno,2801,TopofMid,1375.0,525.0,129.536835,1425.0,550.0,133.188736
de_inferno,172,Pit,2450.0,-300.0,86.401787,2625.0,-200.0,88.031242
de_inferno,693,SecondMid,-225.0,-225.0,23.644001,-200.0,-100.0,25.635277
de_inferno,1370,Apartments,-350.0,-525.0,192.03125,-325.0,-500.0,192.03125
de_inferno,1705,CTSpawn,2050.0,1900.0,128.03125,2125.0,1925.0,128.03125
de_inferno,1903,BombsiteB,225.0,2725.0,188.90625,250.0,2750.0,160.03125
de_inferno,3153,BombsiteA,2150.0,375.0,160.03125,2175.0,400.0,147.671051
de_inferno,76,SecondMid,-500.0,-150.0,5.658487,-325.0,-25.0,19.854401
de_inferno,3125,Graveyard,2450.0,200.0,124.03125,2475.0,225.0,125.004227
de_inferno,903,BombsiteA,2075.0,150.0,160.03125,2100.0,200.0,160.03125
de_inferno,680,Deck,-100.0,150.0,184.03125,-75.0,200.0,184.03125
de_inferno,509,Banana,475.0,1875.0,129.759216,625.0,1925.0,131.178452
de_inferno,591,SecondMid,-275.0,-275.0,27.438599,-200.0,-225.0,26.016718
de_inferno,959,Balcony,900.0,-175.0,256.03125,950.0,-150.0,256.03125
de_inferno,1258,Banana,200.0,1600.0,112.321861,225.0,1625.0,114.515945
de_inferno,1932,BombsiteB,350.0,2600.0,160.03125,375.0,2625.0,188.90625
de_inferno,103,TSpawn,-1750.0,-75.0,-63.96875,-1650.0,50.0,-63.96875
de_inferno,111,BackAlley,800.0,-750.0,93.146957,900.0,-625.0,98.347198
de_inferno,159,BombsiteB,400.0,2525.0,160.03125,500.0,2625.0,160.03125
de_inferno,345,SecondMid,875.0,-175.0,94.575333,925.0,-50.0,90.246941
de_inferno,66,CTSpawn,2175.0,2250.0,132.03125,2325.0,2400.0,128.03125
de_inferno,60,CTSpawn,1875.0,1750.0,160.03125,2025.0,1925.0,162.878891
de_inferno,139,Banana,275.0,1825.0,125.649887,375.0,1925.0,128.03125
de_inferno,791,Banana,375.0,1700.0,120.03125,400.0,1750.0,121.972382
de_inferno,2794,Middle,425.0,650.0,88.068047,475.0,675.0,91.031242
de_inferno,11,SecondMid,-675.0,-225.0,-2.023607,-500.0,25.0,15.874074
de_inferno,2453,Pit,2150.0,-175.0,85.03125,2175.0,-150.0,130.03125
de_inferno,2790,SecondMid,650.0,-150.0,90.03125,700.0,-125.0,88.03125
de_inferno,2809,BombsiteA,1950.0,25.0,121.502892,1975.0,100.0,129.6539
de_inferno,1260,Banana,150.0,1000.0,79.944,175.0,1050.0,88.146423
de_inferno,190,TRamp,-350.0,775.0,-20.348082,-175.0,925.0,23.199821
de_inferno,269,BackAlley,650.0,-700.0,90.472961,800.0,-625.0,92.600922
de_inferno,1694,CTSpawn,1850.0,1750.0,160.03125,1875.0,1775.0,160.03125
de_inferno,2604,TSpawn,-1575.0,25.0,-46.199039,-1550.0,50.0,-63.96875
de_inferno,2669,TSpawn,-1425.0,275.0,-60.481415,-1400.0,325.0,-60.965096
de_inferno,107,Middle,75.0,625.0,67.805954,175.0,750.0,78.458649
de_inferno,498,BombsiteA,1750.0,-75.0,130.581802,1900.0,-25.0,126.817703
de_inferno,2971,,2125.0,2750.0,152.03125,2150.0,2775.0,152.03125
de_inferno,3156,Balcony,1950.0,-225.0,256.03125,1975.0,-150.0,256.03125
de_inferno,189,Middle,25.0,425.0,69.696938,100.0,550.0,66.41642
de_inferno,979,TSpawn,-1375.0,-50.0,0.03125,-1325.0,-25.0,0.03125
de_inferno,2717,TopofMid,1500.0,250.0,133.52626,1525.0,325.0,135.18335
de_inferno,2732,Ruins,900.0,3125.0,144.03125,925.0,3175.0,144.03125
de_inferno,802,BombsiteB,125.0,2425.0,160.03125,150.0,2475.0,160.03125
de_inferno,133,TSpawn,-1150.0,475.0,-55.738934,-850.0,575.0,-31.96875
de_inferno,450,SecondMid,-325.0,-100.0,12.967831,-275.0,-25.0,23.976818
de_inferno,761,CTSpawn,2225.0,1925.0,128.03125,2250.0,1975.0,127.260437
de_inferno,1987,BombsiteB,625.0,3500.0,160.03125,650.0,3525.0,192.03125
de_inferno,50,Pit,2250.0,-500.0,82.224854,2500.0,-350.0,80.765877
de_inferno,373,BombsiteB,400.0,2750.0,160.03125,450.0,2825.0,160.03125
de_inferno,2810,BombsiteA,1950.0,100.0,128.112839,1975.0,150.0,158.153198
de_inferno,187,LowerMid,-500.0,425.0,40.03125,-425.0,575.0,40.03125
de_inferno,2636,Banana,125.0,1150.0,84.920967,175.0,1250.0,95.501602
de_inferno,3096,Graveyard,2450.0,375.0,213.321564,2500.0,400.0,212.977203
de_inferno,3149,BombsiteA,2175.0,300.0,160.03125,2200.0,325.0,135.395264
de_inferno,1627,,900.0,150.0,158.03125,950.0,175.0,151.759949
de_inferno,2157,Ruins,1375.0,2900.0,127.635872,1450.0,2925.0,130.55484
de_inferno,2995,,1675.0,2925.0,128.03125,1750.0,2975.0,128.03125
de_inferno,3031,TSpawn,-1300.0,150.0,-55.368752,-1225.0,250.0,-55.96875
de_inferno,67,CTSpawn,2250.0,1950.0,127.260429,2375.0,2100.0,121.692009
de_inferno,130,TSpawn,-1275.0,-450.0,0.03125,-1175.0,-200.0,0.03125
de_inferno,479,SecondMid,825.0,0.0,93.534531,875.0,50.0,95.090912
de_inferno,530,Ruins,1200.0,2925.0,125.440765,1275.0,2975.0,131.137665
de_inferno,598,Apartments,975.0,-25.0,256.03125,1000.0,25.0,256.03125
de_inferno,41,Pit,2450.0,-200.0,84.03125,2600.0,-25.0,84.03125
de_inferno,324,LowerMid,-575.0,600.0,-31.998158,-525.0,675.0,-31.96875
de_inferno,97,Apartments,1000.0,-75.0,256.03125,1100.0,50.0,256.03125
de_inferno,3038,Upstairs,-600.0,75.0,184.03125,-525.0,125.0,184.03125
de_inferno,2826,,1400.0,2725.0,135.341629,1450.0,2750.0,127.492378
de_inferno,1091,LowerMid,-825.0,750.0,-29.46393,-800.0,800.0,-31.96875
de_inferno,1235,Banana,50.0,900.0,68.59417,75.0,950.0,73.945114
de_inferno,2043,Ruins,925.0,3050.0,144.03125,950.0,3075.0,128.03125
de_inferno,2558,Balcony,1975.0,-250.0,256.03125,2000.0,-225.0,256.03125
de_inferno,384,,1275.0,2625.0,139.506073,1325.0,2750.0,127.716599
de_inferno,360,BombsiteA,1825.0,375.0,160.03125,1875.0,500.0,160.03125
de_inferno,839,BombsiteB,850.0,2225.0,142.03125,875.0,2500.0,142.03125
de_inferno,1173,LowerMid,-600.0,582.518738,40.259926,-575.0,592.518738,52.759949
de_inferno,2605,TSpawn,-1600.0,50.0,-63.96875,-1550.0,75.0,-63.96875
de_inferno,2640,Middle,675.0,550.0,86.319183,725.0,650.0,87.883568
de_inferno,2773,TSpawn,-1550.0,600.0,-63.753513,-1500.0,625.0,-49.272236
de_inferno,3057,BombsiteA,2225.0,1125.0,162.890686,2425.0,1200.0,162.169327
de_inferno,31,TopofMid,1325.0,350.0,125.447495,1475.0,525.0,134.022079
de_inferno,3074,CTSpawn,2325.0,2375.0,128.03125,2425.0,2600.0,128.03125
de_inferno,556,CTSpawn,2025.0,1650.0,160.03125,2125.0,1700.0,160.03125
de_inferno,2649,TRamp,-175.0,775.0,20.810135,-75.0,825.0,40.089977
de_inferno,22,BombsiteB,675.0,2475.0,136.03125,850.0,2650.0,135.34288
de_inferno,2941,,275.0,200.0,2.256916,300.0,250.0,0.341949
de_inferno,44,BombsiteA,1900.0,475.0,160.03125,2050.0,625.0,160.03125
de_inferno,2437,Library,2625.0,1250.0,160.03125,2650.0,1275.0,160.03125
de_inferno,2820,BombsiteB,700.0,2950.0,128.97493,750.0,2975.0,131.686493
de_inferno,261,Bridge,-425.0,-25.0,192.03125,-350.0,50.0,192.03125
de_inferno,2066,BombsiteB,475.0,2725.0,188.90625,500.0,2750.0,188.90625
de_inferno,2676,LowerMid,-850.0,500.0,-31.96875,-825.0,550.0,-32.934429
de_inferno,2042,Ruins,950.0,3050.0,128.03125,975.0,3075.0,128.03125
de_inferno,142,Kitchen,-300.0,250.0,184.03125,-200.0,350.0,184.03125
de_inferno,374,BombsiteB,625.0,3350.0,160.03125,800.0,3475.0,129.195572
de_inferno,1691,CTSpawn,1800.0,1750.0,160.03125,1850.0,1775.0,166.03125
de_inferno,2503,,2575.0,0.0,244.03125,2600.0,25.0,212.03125
de_inferno,118,Banana,375.0,1875.0,130.03125,475.0,2000.0,128.03125
de_inferno,2562,Apartments,950.0,-650.0,128.440964,975.0,-625.0,128.03125
de_inferno,1320,Kitchen,-275.0,350.0,184.03125,-200.0,375.0,184.03125
de_inferno,3040,Kitchen,-75.0,250.0,184.03125,-25.0,375.0,184.03125
de_inferno,774,Apartments,1250.0,300.0,128.03125,1275.0,375.0,128.03125
de_inferno,2505,,2525.0,0.0,244.03125,2550.0,25.0,212.03125
de_inferno,2735,BombsiteB,650.0,2475.0,141.307053,675.0,2550.0,135.753784
de_inferno,597,Graveyard,2475.0,50.0,213.218979,2500.0,100.0,212.03125
de_inferno,1248,Banana,75.0,1400.0,101.235466,100.0,1450.0,107.03125
de_inferno,3068,CTSpawn,1850.0,2250.0,136.03125,1875.0,2350.0,133.745529
de_inferno,3128,BombsiteA,2050.0,500.0,160.03125,2175.0,625.0,160.03125
de_inferno,162,CTSpawn,1950.0,2375.0,138.336258,2050.0,2500.0,131.747345
de_inferno,1888,BombsiteB,150.0,2425.0,160.03125,175.0,2450.0,160.03125
de_inferno,2278,CTSpawn,2375.0,2300.0,125.860146,2425.0,2325.0,128.03125
de_inferno,2520,,2350.0,-125.0,122.029877,2400.0,-100.0,138.644699
de_inferno,2838,Pit,2325.0,-525.0,86.969849,2375.0,-500.0,85.651421
de_inferno,3048,Apartments,1825.0,-375.0,256.03125,1925.0,-275.0,256.03125
de_inferno,64,BombsiteB,675.0,2650.0,135.625427,800.0,2800.0,126.39563
de_inferno,37,CTSpawn,2375.0,2125.0,121.729912,2525.0,2300.0,129.03125
de_inferno,197,Apartments,-150.0,-500.0,192.03125,-75.0,-400.0,191.670898
de_inferno,221,BombsiteB,925.0,2675.0,129.812988,1000.0,2775.0,127.33419
de_inferno,518,BombsiteB,675.0,3550.0,148.34668,725.0,3600.0,157.198425
de_inferno,1423,Underpass,200.0,700.0,38.991165,275.0,725.0,39.636398
de_inferno,2742,CTSpawn,2150.0,2300.0,136.03125,2175.0,2350.0,132.03125
de_inferno,28,LowerMid,-875.0,-400.0,1.944626,-700.0,-225.0,-3.29446
de_inferno,933,Pit,2600.0,-100.0,84.03125,2625.0,-25.0,84.03125
de_inferno,1965,BombsiteB,425.0,2675.0,188.90625,450.0,2700.0,188.90625
de_inferno,2650,TRamp,-75.0,775.0,40.180019,25.0,825.0,64.909912
de_inferno,2745,CTSpawn,2350.0,2100.0,120.03125,2375.0,2175.0,121.805695
de_inferno,106,Middle,50.0,750.0,68.766083,150.0,900.0,78.50061
de_inferno,317,TSpawn,-1425.0,150.0,-62.924694,-1350.0,275.0,-59.412434
de_inferno,626,TSpawn,-1175.0,475.0,-55.96875,-1150.0,525.0,-55.738934
de_inferno,674,Middle,25.0,750.0,68.963676,50.0,825.0,67.170891
de_inferno,2384,Pit,2075.0,-200.0,85.03125,2125.0,-175.0,85.03125
de_inferno,3045,Apartments,275.0,-625.0,96.03125,350.0,-500.0,96.03125
de_inferno,283,BombsiteB,0.0,2900.0,160.03125,75.0,2975.0,160.03125
de_inferno,559,CTSpawn,2475.0,1925.0,129.03125,2525.0,1975.0,129.03125
de_inferno,585,BackAlley,675.0,-750.0,94.37529,800.0,-700.0,90.314011
de_inferno,990,TSpawn,-1225.0,-200.0,0.03125,-1175.0,-175.0,0.03125
de_inferno,1470,SecondMid,500.0,-275.0,88.03125,525.0,-250.0,88.03125
de_inferno,2677,LowerMid,-850.0,550.0,-31.96875,-825.0,600.0,-28.250553
de_inferno,2751,BombsiteA,2375.0,800.0,150.924637,2400.0,850.0,154.913864
de_inferno,3030,TSpawn,-1350.0,150.0,-54.96875,-1300.0,250.0,-55.368752
de_inferno,400,BombsiteA,2325.0,750.0,147.630066,2375.0,825.0,151.761734
de_inferno,3157,Balcony,1975.0,-225.0,256.03125,2000.0,-150.0,256.03125
de_inferno,2575,SecondMid,150.0,-225.0,83.131027,200.0,-200.0,74.03125
de_inferno,2646,CTSpawn,1625.0,2000.0,160.03125,1675.0,2075.0,160.03125
de_inferno,3036,LowerMid,-625.0,425.0,40.03125,-575.0,500.0,40.03125
de_inferno,3065,CTSpawn,1875.0,2250.0,136.03125,1950.0,2425.0,132.03125
de_inferno,355,CTSpawn,1725.0,1625.0,160.03125,1775.0,1725.0,160.03125
de_inferno,439,Upstairs,-350.0,275.0,184.03125,-300.0,325.0,184.03125
de_inferno,385,Ruins,1600.0,2900.0,127.240631,1650.0,3000.0,141.524124
de_inferno,521,BombsiteB,450.0,2625.0,160.03125,500.0,2675.0,160.03125
de_inferno,1174,LowerMid,-500.0,587.481262,76.031258,-475.0,597.481262,76.03125
de_inferno,198,SecondMid,75.0,-125.0,44.277588,150.0,-25.0,46.092369
de_inferno,151,SecondMid,600.0,-125.0,74.363327,700.0,-25.0,88.03125
de_inferno,401,Library,2625.0,1175.0,160.03125,2675.0,1250.0,160.03125
de_inferno,2652,SecondMid,450.0,-125.0,63.486187,600.0,-75.0,76.557953
de_inferno,2834,CTSpawn,2425.0,1950.0,125.537476,2475.0,1975.0,129.03125
de_inferno,63,SecondMid,725.0,100.0,95.441338,850.0,425.0,86.731888
de_inferno,1471,,350.0,-700.0,96.03125,425.0,-625.0,90.86882
de_inferno,2259,CTSpawn,2175.0,2675.0,130.097778,2225.0,2700.0,134.613693
de_inferno,226,CTSpawn,2000.0,2650.0,131.779526,2075.0,2750.0,132.03125
de_inferno,2633,Apartments,1000.0,-675.0,128.03125,1150.0,-600.0,128.03125
de_inferno,2587,SecondMid,-475.0,-250.0,9.744528,-450.0,-225.0,4.946188
de_inferno,2651,,300.0,-125.0,52.629021,450.0,-75.0,65.897636
de_inferno,303,TopofMid,1300.0,250.0,130.696075,1375.0,325.0,127.35379
de_inferno,443,Apartments,-250.0,-525.0,192.03125,-200.0,-475.0,192.03125
de_inferno,496,BombsiteA,1500.0,100.0,126.803711,1650.0,150.0,138.822678
de_inferno,697,Middle,175.0,625.0,74.942085,200.0,675.0,79.612221
de_inferno,772,BombsiteA,1875.0,450.0,160.03125,1900.0,500.0,160.03125
de_inferno,1358,,-350.0,-350.0,192.03125,-325.0,-325.0,192.03125
de_inferno,2284,CTSpawn,2250.0,1675.0,160.03125,2275.0,1700.0,160.03125
de_inferno,251,Banana,25.0,1325.0,98.542183,100.0,1400.0,100.821114
de_inferno,1968,BombsiteB,425.0,2825.0,160.03125,450.0,2850.0,188.90625
de_inferno,2044,Ruins,900.0,3300.0,141.199829,925.0,3325.0,129.03125
de_inferno,2466,Pit,2175.0,-175.0,130.03125,2200.0,-150.0,118.949005
de_inferno,104,TSpawn,-1700.0,675.0,-51.566246,-1600.0,800.0,-51.556538
de_inferno,147,SecondMid,-200.0,-200.0,27.927982,-75.0,-25.0,33.383434
de_inferno,157,BombsiteA,1825.0,275.0,160.03125,2000.0,375.0,160.03125
de_inferno,368,Banana,225.0,1475.0,106.509056,275.0,1550.0,113.03125
de_inferno,1201,LowerMid,-475.0,675.0,-31.96875,-450.0,700.0,-31.96875
de_inferno,2738,CTSpawn,1775.0,2300.0,136.03125,1800.0,2350.0,136.03125
de_inferno,3094,Graveyard,2500.0,375.0,212.805435,2550.0,400.0,212.717529
de_inferno,15,TopofMid,1325.0,25.0,130.03125,1500.0,225.0,132.955261
de_inferno,145,Apartments,-75.0,-500.0,191.670868,75.0,-400.0,96.03125
de_inferno,827,Ruins,875.0,3325.0,128.03125,900.0,3375.0,128.03125
de_inferno,1194,TRamp,-500.0,800.0,-31.024971,-475.0,825.0,-30.580118
de_inferno,2022,Ruins,925.0,3300.0,141.199875,950.0,3325.0,129.03125
de_inferno,57,Bridge,-450.0,-275.0,192.03125,-325.0,-25.0,192.03125
de_inferno,2365,BombsiteA,1700.0,-125.0,136.960007,1750.0,-100.0,134.076248
de_inferno,2828,,1500.0,2725.0,136.370483,1550.0,2750.0,127.329521
de_inferno,3104,Graveyard,2475.0,175.0,124.03125,2500.0,225.0,125.004227
de_inferno,1951,BombsiteB,375.0,2900.0,188.90625,400.0,2925.0,160.03125
de_inferno,2819,BombsiteB,650.0,2950.0,132.02623,700.0,2975.0,131.649811
de_inferno,3127,Graveyard,2525.0,325.0,213.622787,2550.0,375.0,212.113022
de_inferno,55,LowerMid,-800.0,50.0,-0.946211,-675.0,225.0,-2.847805
de_inferno,2067,BombsiteB,475.0,2750.0,160.03125,500.0,2775.0,188.90625
de_inferno,2129,Banana,925.0,1925.0,134.6586,950.0,2125.0,140.03125
de_inferno,424,TSpawn,-1200.0,525.0,-55.96875,-1150.0,575.0,-55.738934
de_inferno,260,Apartments,-425.0,-350.0,192.03125,-350.0,-275.0,192.03125
de_inferno,2804,Arch,1650.0,1000.0,171.440964,1725.0,1025.0,165.985458
de_inferno,217,Ruins,1075.0,3150.0,129.03125,1150.0,3250.0,129.03125
de_inferno,366,Banana,325.0,1650.0,122.03125,375.0,1775.0,123.759666
de_inferno,2725,Ruins,825.0,3125.0,160.03125,850.0,3200.0,160.03125
de_inferno,61,BombsiteA,1750.0,-25.0,129.00972,1875.0,150.0,131.565506
de_inferno,315,TSpawn,-1750.0,725.0,-48.277809,-1700.0,800.0,-50.971645
de_inferno,966,Apartments,1100.0,25.0,256.03125,1125.0,50.0,256.03125
de_inferno,1277,LowerMid,-625.0,507.481262,76.031265,-600.0,517.481262,76.031242
de_inferno,2028,Ruins,950.0,3250.0,133.259918,975.0,3275.0,129.03125
de_inferno,277,TopofMid,1500.0,1025.0,151.167313,1575.0,1100.0,158.211563
de_inferno,3072,CTSpawn,1775.0,1850.0,160.03125,1875.0,1900.0,163.252686
de_inferno,740,TopofMid,1300.0,600.0,120.699104,1325.0,825.0,145.19342
de_inferno,1099,LowerMid,-850.0,275.0,5.23587,-800.0,350.0,-18.574928
de_inferno,2666,TSpawn,-1750.0,100.0,-59.96875,-1725.0,150.0,-62.601341
de_inferno,2768,TSpawn,-1350.0,-125.0,-0.995869,-1325.0,-50.0,0.03125
de_inferno,444,Upstairs,-525.0,75.0,184.03125,-475.0,125.0,184.03125
de_inferno,1392,SecondMid,-400.0,-250.0,10.823943,-350.0,-200.0,12.325491
de_inferno,1606,SecondMid,850.0,-325.0,98.731804,925.0,-300.0,100.091644
de_inferno,1711,Arch,1825.0,1000.0,166.79364,1875.0,1025.0,164.737503
de_inferno,1120,LowerMid,-775.0,675.0,-10.218817,-750.0,700.0,-31.96875
de_inferno,392,CTSpawn,2125.0,1625.0,160.03125,2175.0,1700.0,160.03125
de_inferno,575,,2200.0,-150.0,118.949005,2250.0,-100.0,125.005951
de_inferno,749,TopofMid,1325.0,1175.0,165.749054,1375.0,1225.0,171.903305
de_inferno,789,Banana,225.0,1325.0,96.993492,250.0,1400.0,107.03125
de_inferno,1901,BombsiteB,225.0,2775.0,188.90625,250.0,2800.0,160.03125
de_inferno,2036,Ruins,950.0,3075.0,128.03125,975.0,3100.0,128.03125
de_inferno,2518,Pit,2325.0,-300.0,92.829041,2350.0,-275.0,92.615311
de_inferno,3163,Balcony,2075.0,-200.0,256.03125,2100.0,-175.0,256.03125
de_inferno,188,Banana,75.0,900.0,71.284317,150.0,1050.0,83.230255
de_inferno,617,TSpawn,-1475.0,25.0,-63.96875,-1450.0,75.0,-63.96875
de_inferno,856,CTSpawn,1750.0,2550.0,153.353149,1775.0,2625.0,135.853195
de_inferno,2132,Banana,925.0,1850.0,134.929077,950.0,1875.0,135.626007
de_inferno,2317,CTSpawn,2450.0,1800.0,128.03125,2475.0,1825.0,129.03125
de_inferno,3001,,1750.0,2925.0,128.03125,1850.0,2950.0,128.03125
de_inferno,121,BombsiteB,500.0,2600.0,160.03125,600.0,2725.0,159.76152
de_inferno,235,Graveyard,2550.0,175.0,212.760117,2625.0,375.0,212.278671
de_inferno,431,Banana,50.0,1275.0,94.627411,100.0,1325.0,96.070786
de_inferno,1159,LowerMid,-700.0,-400.0,-3.345068,-675.0,-375.0,0.006543
de_inferno,1447,SecondMid,450.0,-150.0,90.03125,475.0,-125.0,64.288757
de_inferno,1895,BombsiteB,250.0,3025.0,160.03125,275.0,3050.0,160.03125
de_inferno,20,SecondMid,700.0,-175.0,90.401779,875.0,0.0,94.096184
de_inferno,2665,TSpawn,-1750.0,50.0,-63.96875,-1725.0,100.0,-59.96875
de_inferno,2782,LowerMid,-625.0,600.0,-32.003281,-575.0,625.0,-31.998158
de_inferno,3135,BombsiteA,2150.0,400.0,160.03125,2200.0,475.0,141.209213
de_inferno,2626,Apartments,1175.0,-200.0,256.03125,1275.0,0.0,256.03125
de_inferno,52,TSpawn,-1600.0,675.0,-51.121452,-1400.0,875.0,-46.637569
de_inferno,318,LowerMid,-875.0,650.0,-25.083597,-825.0,800.0,-28.271803
de_inferno,975,Banana,125.0,1600.0,113.03125,150.0,1625.0,111.775475
de_inferno,2003,BombsiteB,700.0,3475.0,140.494141,725.0,3550.0,148.664078
de_inferno,2109,,700.0,2150.0,136.03125,750.0,2175.0,136.566025
de_inferno,2245,CTSpawn,2075.0,2325.0,136.03125,2100.0,2350.0,136.03125
de_inferno,2685,LowerMid,-675.0,25.0,-2.651747,-650.0,75.0,-0.92359
de_inferno,48,Ruins,1375.0,2750.0,127.492371,1675.0,2900.0,127.355545
de_inferno,2778,TSpawn,-1600.0,650.0,-43.96875,-1525.0,675.0,-50.398506
de_inferno,544,CTSpawn,2000.0,2600.0,129.99382,2050.0,2650.0,131.791595
de_inferno,1885,BombsiteB,100.0,2450.0,160.03125,125.0,2475.0,160.03125
de_inferno,2716,TopofMid,1300.0,375.0,123.503052,1325.0,425.0,122.879311
de_inferno,513,BombsiteB,175.0,2850.0,160.03125,225.0,2900.0,160.03125
de_inferno,1303,Upstairs,-450.0,350.0,189.399658,-425.0,375.0,184.03125
de_inferno,1468,SecondMid,600.0,-275.0,88.03125,625.0,-250.0,88.03125
de_inferno,2370,Apartments,1275.0,300.0,128.03125,1300.0,325.0,129.440964
de_inferno,503,BombsiteA,1975.0,25.0,122.391228,2025.0,125.0,140.653198
de_inferno,1908,BombsiteB,250.0,2675.0,160.03125,275.0,2700.0,160.03125
de_inferno,880,CTSpawn,2325.0,2250.0,121.093048,2350.0,2325.0,126.232361
de_inferno,1151,LowerMid,-700.0,425.0,-31.470583,-675.0,450.0,-31.918251
de_inferno,1276,Upstairs,-600.0,375.0,40.03125,-575.0,400.0,40.03125
de_inferno,2877,,1950.0,-100.0,211.670853,1975.0,-75.0,216.03125
de_inferno,855,CTSpawn,1750.0,2675.0,132.03125,1775.0,2750.0,128.022018
de_inferno,1305,Upstairs,-500.0,125.0,184.03125,-475.0,150.0,184.03125
de_inferno,2968,,2100.0,2750.0,156.03125,2125.0,2775.0,152.03125
de_inferno,811,BombsiteB,400.0,3350.0,160.03125,425.0,3400.0,160.03125
de_inferno,3080,BombsiteB,725.0,3475.0,130.746017,750.0,3600.0,157.443069
de_inferno,814,BombsiteB,525.0,3100.0,204.03125,550.0,3175.0,204.03125
de_inferno,1989,BombsiteB,625.0,3550.0,160.03125,650.0,3575.0,192.03125
de_inferno,2062,BombsiteB,450.0,2675.0,160.03125,475.0,2700.0,188.90625
de_inferno,38,CTSpawn,2150.0,1750.0,128.03125,2300.0,1925.0,123.360764
de_inferno,582,Pit,2450.0,-350.0,81.114189,2500.0,-300.0,86.401787
de_inferno,973,Banana,175.0,1675.0,113.78801,200.0,1725.0,122.03125
de_inferno,2882,,1975.0,-50.0,216.03125,2000.0,-25.0,173.03125
de_inferno,116,Arch,1775.0,1450.0,160.03125,1875.0,1625.0,160.03125
de_inferno,854,Ruins,1650.0,2900.0,127.240623,1675.0,2975.0,136.866608
de_inferno,955,Graveyard,2475.0,25.0,214.951401,2500.0,50.0,212.03125
de_inferno,1923,BombsiteB,275.0,2700.0,160.03125,300.0,2725.0,160.03125
de_inferno,1973,BombsiteB,475.0,3100.0,160.03125,500.0,3125.0,204.03125
de_inferno,2615,TSpawn,-1650.0,-25.0,-63.96875,-1625.0,0.0,-63.96875
de_inferno,205,SecondMid,850.0,300.0,87.133926,950.0,425.0,87.958076
de_inferno,2940,,275.0,150.0,11.530277,300.0,200.0,2.279448
de_inferno,2990,,2250.0,2650.0,128.03125,2300.0,2675.0,128.03125
de_inferno,2020,BombsiteB,800.0,3550.0,148.94873,825.0,3575.0,150.98378
de_inferno,3129,BombsiteA,2050.0,350.0,160.03125,2150.0,500.0,160.03125
de_inferno,3174,Library,2325.0,1550.0,160.03125,2375.0,1575.0,160.03125
de_inferno,1938,BombsiteB,325.0,2875.0,160.03125,350.0,2900.0,188.90625
de_inferno,1418,,175.0,700.0,79.507492,200.0,725.0,38.991169
de_inferno,1930,BombsiteB,350.0,2650.0,160.03125,375.0,2675.0,160.03125
de_inferno,2791,SecondMid,650.0,-275.0,95.401779,725.0,-250.0,89.707115
de_inferno,294,CTSpawn,1875.0,2425.0,131.321228,1950.0,2500.0,131.688019
de_inferno,1619,,850.0,250.0,87.624664,875.0,275.0,101.759933
de_inferno,3044,Apartments,275.0,-700.0,96.03125,350.0,-625.0,96.03125
de_inferno,808,BombsiteB,300.0,2800.0,160.03125,325.0,2850.0,160.03125
de_inferno,573,BombsiteA,2425.0,900.0,159.132248,2500.0,975.0,160.865555
de_inferno,1918,BombsiteB,300.0,2900.0,188.90625,325.0,2925.0,160.03125
de_inferno,2630,LowerMid,-1000.0,100.0,0.03125,-925.0,225.0,0.03125
de_inferno,295,CTSpawn,2075.0,2250.0,138.03125,2150.0,2325.0,136.03125
de_inferno,2688,LowerMid,-675.0,175.0,-2.64784,-650.0,225.0,3.031239
de_inferno,3043,Apartments,300.0,-400.0,96.03125,350.0,-350.0,96.03125
de_inferno,3169,Library,2350.0,1400.0,160.03125,2475.0,1550.0,160.03125
de_inferno,1907,BombsiteB,250.0,2650.0,160.03125,275.0,2675.0,188.90625
de_inferno,782,Middle,150.0,750.0,77.104401,175.0,825.0,77.047302
de_inferno,122,CTSpawn,1775.0,2425.0,132.03125,1875.0,2550.0,132.635239
de_inferno,1709,CTSpawn,2125.0,1900.0,128.03125,2150.0,1925.0,128.03125
de_inferno,2793,Middle,375.0,650.0,84.673935,425.0,675.0,91.031242
de_inferno,812,BombsiteB,400.0,2700.0,160.03125,425.0,2750.0,160.03125
de_inferno,1087,TSpawn,-1325.0,275.0,-55.96875,-1300.0,300.0,-55.96875
de_inferno,609,TSpawn,-1725.0,475.0,-61.42025,-1700.0,725.0,-50.433395
de_inferno,2766,Apartments,1225.0,-600.0,128.03125,1275.0,-575.0,137.004211
de_inferno,56,Banana,200.0,1625.0,113.34359,325.0,1775.0,124.461082
de_inferno,857,CTSpawn,1750.0,2425.0,132.03125,1775.0,2500.0,132.03125
de_inferno,1840,Banana,450.0,1825.0,134.093079,475.0,1850.0,130.03125
de_inferno,2275,CTSpawn,2250.0,1925.0,127.282341,2300.0,1950.0,123.330093
de_inferno,2463,Pit,2175.0,-250.0,116.03125,2200.0,-225.0,98.57489
de_inferno,3039,Upstairs,-600.0,125.0,184.03125,-525.0,150.0,184.03125
de_inferno,5,BombsiteB,275.0,2925.0,160.03125,475.0,3150.0,160.03125
de_inferno,885,CTSpawn,2500.0,2300.0,129.03125,2525.0,2350.0,129.03125
de_inferno,1994,BombsiteB,650.0,3500.0,192.03125,675.0,3525.0,144.39653
de_inferno,2863,,1775.0,-125.0,129.404861,1800.0,-100.0,152.03125
de_inferno,361,BombsiteA,1925.0,150.0,160.03125,1975.0,275.0,160.03125
de_inferno,2701,Underpass,275.0,50.0,30.616173,300.0,100.0,21.241173
de_inferno,2731,Ruins,900.0,3050.0,144.03125,925.0,3125.0,144.03125
de_inferno,3099,Graveyard,2425.0,150.0,126.401787,2475.0,200.0,124.03125
de_inferno,541,CTSpawn,1850.0,2600.0,131.40564,1900.0,2650.0,132.976761
de_inferno,376,Ruins,975.0,3250.0,129.03125,1025.0,3325.0,128.03125
de_inferno,2939,,275.0,100.0,21.241173,300.0,150.0,11.077381
de_inferno,3165,Balcony,2109.303223,-198.831833,292.03125,2111.03125,-171.281326,292.03125
de_inferno,282,Ruins,750.0,3125.0,160.03125,825.0,3200.0,160.03125
de_inferno,452,SecondMid,-200.0,-25.0,29.079586,-150.0,25.0,32.03125
de_inferno,490,CTSpawn,1675.0,1625.0,160.03125,1725.0,1675.0,160.03125
de_inferno,769,Quad,1525.0,-25.0,130.03125,1550.0,25.0,130.03125
de_inferno,16,BombsiteA,2225.0,25.0,127.998566,2400.0,225.0,128.594528
de_inferno,930,Pit,2425.0,-275.0,86.726707,2450.0,-225.0,86.401787
de_inferno,730,SecondMid,825.0,50.0,94.160408,850.0,100.0,91.90596
de_inferno,515,BombsiteB,325.0,2825.0,160.03125,375.0,2875.0,160.03125
de_inferno,775,BackAlley,925.0,-675.0,115.670898,950.0,-600.0,128.440964
de_inferno,1945,BombsiteB,350.0,2900.0,188.90625,375.0,2925.0,160.03125
de_inferno,2671,TSpawn,-1425.0,375.0,-62.421898,-1400.0,425.0,-60.747379
de_inferno,2866,,1800.0,-125.0,152.03125,1875.0,-100.0,152.03125
de_inferno,2884,,1975.0,0.0,173.03125,2000.0,25.0,124.26976
de_inferno,453,SecondMid,125.0,-200.0,74.03125,225.0,-125.0,50.161213
de_inferno,1881,BombsiteB,150.0,3025.0,160.03125,175.0,3050.0,160.03125
de_inferno,1721,TopofMid,1325.0,325.0,125.037674,1375.0,350.0,126.534119
de_inferno,1926,BombsiteB,275.0,2625.0,160.03125,300.0,2650.0,188.90625
de_inferno,1432,,300.0,700.0,32.666512,325.0,725.0,80.162224
de_inferno,940,BackAlley,850.0,-800.0,94.322479,875.0,-750.0,95.245132
de_inferno,961,Apartments,1050.0,-250.0,256.03125,1075.0,-225.0,257.792236
de_inferno,2616,TSpawn,-1625.0,0.0,-63.96875,-1600.0,25.0,-63.96875
de_inferno,300,BombsiteA,2150.0,1000.0,159.539307,2225.0,1200.0,164.116165
de_inferno,2648,LowerMid,-800.0,-225.0,-2.785718,-675.0,-175.0,-2.023607
de_inferno,1971,BombsiteB,425.0,2900.0,160.03125,450.0,2925.0,160.03125
de_inferno,2686,LowerMid,-675.0,75.0,-3.423588,-650.0,125.0,-0.92359
de_inferno,804,BombsiteB,175.0,2700.0,160.03125,200.0,2750.0,160.03125
de_inferno,1372,Apartments,-400.0,-600.0,192.03125,-375.0,-575.0,192.03125
de_inferno,1605,SecondMid,875.0,25.0,95.658691,900.0,50.0,95.721481
de_inferno,2231,CTSpawn,2050.0,2375.0,136.03125,2075.0,2400.0,132.03125
de_inferno,3066,CTSpawn,1800.0,2250.0,136.03125,1850.0,2425.0,132.03125
de_inferno,563,CTSpawn,1925.0,1625.0,160.03125,1975.0,1675.0,160.03125
de_inferno,944,,325.0,-350.0,96.03125,350.0,-300.0,94.259949
de_inferno,1706,CTSpawn,2050.0,1875.0,135.259933,2075.0,1900.0,128.03125
de_inferno,3167,SecondMid,600.0,-25.0,81.107323,675.0,25.0,87.292694
de_inferno,237,Pit,2500.0,-500.0,86.079201,2575.0,-300.0,86.401787
de_inferno,2315,,2525.0,2075.0,129.03125,2550.0,2100.0,129.03125
de_inferno,552,CTSpawn,2325.0,2325.0,125.175774,2425.0,2375.0,128.03125
de_inferno,1893,BombsiteB,200.0,2800.0,160.03125,225.0,2825.0,188.90625
de_inferno,255,Deck,-75.0,125.0,184.03125,0.0,200.0,184.03125
de_inferno,1172,LowerMid,-625.0,587.481262,27.733067,-600.0,597.481262,40.259926
de_inferno,403,Pit,2325.0,-275.0,95.001053,2375.0,-125.0,121.390495
de_inferno,213,Banana,675.0,1925.0,131.399979,750.0,2150.0,136.03125
de_inferno,2830,CTSpawn,1850.0,2225.0,136.03125,1900.0,2250.0,136.03125
de_inferno,65,BombsiteB,700.0,2175.0,136.566025,850.0,2475.0,140.298355
de_inferno,2024,Ruins,925.0,3250.0,144.03125,950.0,3275.0,128.03125
de_inferno,1389,SecondMid,-500.0,-25.0,7.237963,-475.0,25.0,19.517727
de_inferno,1608,BackAlley,925.0,-575.0,101.394592,950.0,-550.0,102.663963
de_inferno,2763,Balcony,2075.0,-375.0,256.03125,2100.0,-325.0,256.03125
de_inferno,2599,TSpawn,-1275.0,-475.0,0.03125,-1225.0,-450.0,0.03125
de_inferno,2581,SecondMid,-375.0,-275.0,16.295193,-350.0,-250.0,14.031493
de_inferno,3041,Kitchen,-25.0,250.0,184.03125,25.0,375.0,184.03125
de_inferno,464,BackAlley,425.0,-725.0,91.535248,650.0,-625.0,94.482864
de_inferno,68,CTSpawn,2375.0,1975.0,121.50251,2500.0,2125.0,129.03125
de_inferno,230,Pit,2075.0,-300.0,85.03125,2150.0,-200.0,85.03125
de_inferno,952,Graveyard,2450.0,75.0,212.330765,2475.0,100.0,212.287933
de_inferno,1824,Banana,400.0,2000.0,128.03125,425.0,2025.0,128.03125
de_inferno,2813,Ruins,850.0,3100.0,160.03125,875.0,3175.0,154.759872
de_inferno,45,BombsiteB,400.0,3200.0,160.03125,550.0,3350.0,160.03125
de_inferno,1807,,475.0,450.0,83.177734,500.0,475.0,83.431427
de_inferno,3164,Balcony,2075.0,-175.0,256.03125,2100.0,-150.0,256.03125
de_inferno,550,CTSpawn,2225.0,2100.0,128.023758,2275.0,2150.0,125.672256
de_inferno,160,CTSpawn,1775.0,2650.0,132.03125,1975.0,2750.0,132.03125
de_inferno,299,CTSpawn,2300.0,1600.0,160.03125,2375.0,1675.0,160.03125
de_inferno,514,BombsiteB,300.0,2675.0,160.03125,400.0,2725.0,160.03125
de_inferno,765,TopofMid,1475.0,350.0,132.084015,1500.0,425.0,134.870209
de_inferno,98,Apartments,1175.0,-575.0,137.004211,1275.0,-400.0,253.670883
de_inferno,2367,Quad,1475.0,-125.0,130.03125,1500.0,-100.0,130.03125
de_inferno,1883,BombsiteB,125.0,2675.0,160.03125,150.0,2700.0,160.03125
de_inferno,1838,Banana,425.0,1850.0,130.08812,500.0,1875.0,130.319305
de_inferno,2772,TSpawn,-1600.0,600.0,-63.96875,-1550.0,625.0,-47.638268
de_inferno,232,BombsiteA,2325.0,525.0,143.055557,2400.0,750.0,152.515228
de_inferno,2712,SecondMid,925.0,-275.0,99.458282,950.0,-200.0,89.33773
de_inferno,47,BombsiteB,650.0,2800.0,131.719604,800.0,2950.0,128.669159
de_inferno,668,Banana,100.0,1450.0,107.03125,125.0,1500.0,106.211029
de_inferno,1478,SecondMid,300.0,-75.0,55.289402,325.0,-50.0,60.397751
de_inferno,2724,BombsiteA,2175.0,650.0,160.03125,2200.0,700.0,156.011978
de_inferno,372,BombsiteB,300.0,2450.0,160.03125,350.0,2525.0,160.03125
de_inferno,2040,Ruins,1025.0,3250.0,129.03125,1050.0,3275.0,128.03125
de_inferno,2639,Middle,675.0,450.0,87.818817,725.0,550.0,86.284943
de_inferno,2858,Ruins,1275.0,2925.0,127.520584,1350.0,2950.0,131.51088
de_inferno,3134,BombsiteA,2150.0,475.0,160.03125,2175.0,500.0,160.03125
de_inferno,1187,TRamp,-525.0,775.0,-31.45553,-500.0,825.0,-29.049946
de_inferno,2070,BombsiteB,475.0,2825.0,188.90625,500.0,2850.0,160.03125
de_inferno,2320,Library,2500.0,1550.0,160.03125,2525.0,1575.0,160.03125
de_inferno,2672,TSpawn,-1425.0,425.0,-62.463058,-1400.0,475.0,-60.796741
de_inferno,244,Apartments,1175.0,0.0,256.03125,1250.0,75.0,256.03125
de_inferno,803,BombsiteB,175.0,2800.0,160.03125,200.0,2850.0,160.03125
de_inferno,1374,Apartments,-425.0,-600.0,192.03125,-400.0,-575.0,192.03125
de_inferno,327,Banana,75.0,1050.0,80.703049,125.0,1150.0,84.920967
de_inferno,1960,BombsiteB,375.0,2625.0,188.90625,400.0,2650.0,188.90625
de_inferno,286,Ruins,800.0,3375.0,128.613388,900.0,3450.0,128.03125
de_inferno,1890,BombsiteB,200.0,2725.0,160.03125,225.0,2750.0,188.90625
de_inferno,2839,Pit,2375.0,-525.0,88.151436,2425.0,-500.0,82.887062
de_inferno,363,BackAlley,850.0,-625.0,91.619965,925.0,-550.0,101.681488
de_inferno,790,Banana,225.0,1425.0,107.03125,250.0,1475.0,105.542778
de_inferno,2402,BombsiteA,2075.0,125.0,134.387283,2100.0,150.0,160.03125
de_inferno,2713,SecondMid,925.0,-200.0,92.46273,950.0,-125.0,88.947342
de_inferno,34,BombsiteB,0.0,2975.0,160.03125,150.0,3150.0,160.03125
de_inferno,1780,BombsiteA,1975.0,125.0,140.653183,2050.0,150.0,160.03125
de_inferno,1833,Banana,325.0,1625.0,117.703072,350.0,1650.0,122.03125
de_inferno,1978,BombsiteB,500.0,3150.0,160.03125,525.0,3175.0,204.03125
de_inferno,2054,BombsiteB,500.0,3100.0,204.03125,525.0,3125.0,204.03125
de_inferno,2687,LowerMid,-675.0,125.0,-3.156999,-650.0,175.0,3.031243
de_inferno,2733,Ruins,900.0,3175.0,144.03125,925.0,3250.0,144.03125
de_inferno,2873,,1925.0,-125.0,198.03125,1950.0,-50.0,211.670853
de_inferno,377,Ruins,975.0,3050.0,128.03125,1025.0,3125.0,128.03125
de_inferno,1927,BombsiteB,325.0,2600.0,160.03125,350.0,2625.0,188.90625
de_inferno,2283,CTSpawn,1925.0,1725.0,160.03125,1950.0,1750.0,160.03125
de_inferno,2817,Ruins,925.0,3100.0,144.03125,950.0,3175.0,133.259933
de_inferno,1823,Banana,375.0,2100.0,129.16391,400.0,2125.0,129.641022
de_inferno,3046,Apartments,1175.0,-400.0,253.670868,1275.0,-275.0,255.146118
de_inferno,3061,CTSpawn,1875.0,1625.0,160.03125,1925.0,1750.0,160.03125
de_inferno,3097,Graveyard,2450.0,400.0,213.236862,2500.0,575.0,214.17952
de_inferno,1191,LowerMid,-500.0,625.0,-31.96875,-475.0,650.0,18.03125
de_inferno,671,Middle,75.0,550.0,66.485596,100.0,625.0,69.725899
de_inferno,411,TSpawn,-1525.0,0.0,-63.96875,-1475.0,75.0,-63.96875
de_inferno,90,Ruins,1150.0,3075.0,129.03125,1275.0,3200.0,128.03125
de_inferno,652,LowerMid,-525.0,525.0,40.03125,-500.0,575.0,40.03125
de_inferno,1902,BombsiteB,225.0,2750.0,188.90625,250.0,2775.0,160.03125
de_inferno,2694,Banana,50.0,1075.0,89.475609,75.0,1150.0,86.75914
de_inferno,2808,TopofMid,1500.0,875.0,142.225342,1525.0,950.0,151.637985
de_inferno,2832,,2075.0,2225.0,141.939346,2150.0,2250.0,136.03125
de_inferno,3126,Graveyard,2525.0,275.0,215.545868,2550.0,325.0,213.205124
de_inferno,81,TopofMid,1375.0,1100.0,160.644272,1600.0,1225.0,161.00351
de_inferno,150,SecondMid,500.0,-250.0,88.03125,700.0,-150.0,90.401779
de_inferno,595,TSpawn,-1650.0,25.0,-63.96875,-1600.0,75.0,-63.96875
de_inferno,2678,LowerMid,-850.0,600.0,-28.22678,-825.0,650.0,-29.434505
de_inferno,2947,Balcony,1988.171387,-116.392792,251.404724,2010.981201,-101.152802,251.404724
de_inferno,89,Ruins,1000.0,2650.0,130.190491,1125.0,2775.0,128.390121
de_inferno,258,Apartments,-250.0,-475.0,192.03125,-150.0,-400.0,192.03125
de_inferno,321,LowerMid,-700.0,-375.0,-3.345068,-650.0,-225.0,-0.536701
de_inferno,492,Arch,1775.0,1250.0,160.03125,1875.0,1300.0,160.03125
de_inferno,3,Middle,725.0,425.0,88.535484,950.0,650.0,88.129143
de_inferno,653,LowerMid,-525.0,625.0,-31.96875,-500.0,675.0,-31.96875
de_inferno,2953,,2250.0,2725.0,152.03125,2300.0,2800.0,152.03125
de_inferno,3143,,2175.0,150.0,160.03125,2200.0,175.0,133.215942
de_inferno,207,CTSpawn,1625.0,2500.0,160.03125,1700.0,2675.0,160.03125
de_inferno,638,LowerMid,-800.0,225.0,-0.375271,-700.0,400.0,-30.544655
de_inferno,1668,CTSpawn,1725.0,2550.0,160.03125,1750.0,2625.0,153.353149
de_inferno,1936,BombsiteB,300.0,2625.0,160.03125,325.0,2650.0,160.03125
de_inferno,2323,,2325.0,1575.0,160.03125,2350.0,1600.0,160.03125
de_inferno,2644,CTSpawn,1625.0,2075.0,160.03125,1675.0,2225.0,160.03125
de_inferno,369,Banana,175.0,1200.0,92.521545,250.0,1325.0,100.759941
de_inferno,1762,BombsiteA,1975.0,250.0,160.03125,2000.0,275.0,160.03125
de_inferno,1181,TRamp,-575.0,775.0,-32.124207,-525.0,875.0,23.670918
de_inferno,2076,BombsiteB,500.0,2750.0,188.90625,525.0,2775.0,160.03125
de_inferno,2087,BombsiteB,575.0,2575.0,160.03125,600.0,2600.0,159.973587
de_inferno,2269,CTSpawn,2225.0,2000.0,133.03125,2250.0,2050.0,127.652458
de_inferno,2285,CTSpawn,2275.0,1675.0,160.03125,2300.0,1700.0,155.004181
de_inferno,2569,SecondMid,300.0,-300.0,94.259949,350.0,-275.0,88.03125
de_inferno,314,LowerMid,-875.0,50.0,4.086637,-800.0,275.0,5.235873
de_inferno,681,Upstairs,-325.0,200.0,184.03125,-300.0,275.0,184.03125
de_inferno,2634,Apartments,1150.0,-675.0,128.03125,1275.0,-600.0,128.03125
de_inferno,2883,,1975.0,-25.0,173.03125,2000.0,0.0,173.03125
de_inferno,3050,Apartments,1825.0,-275.0,256.03125,1925.0,-200.0,256.03125
de_inferno,3095,Graveyard,2550.0,375.0,212.289307,2575.0,400.0,212.587692
de_inferno,418,TSpawn,-1650.0,800.0,-51.96875,-1600.0,850.0,-49.919426
de_inferno,1440,Underpass,275.0,25.0,62.875614,300.0,50.0,30.616169
de_inferno,1058,TSpawn,-1650.0,625.0,-57.598217,-1625.0,650.0,-44.386749
de_inferno,3115,Graveyard,2450.0,225.0,125.004211,2500.0,375.0,212.03125
de_inferno,386,CTSpawn,1775.0,2550.0,135.853195,1850.0,2650.0,132.03125
de_inferno,1382,LowerMid,-550.0,507.481262,76.259949,-525.0,517.481262,76.03125
de_inferno,3078,CTSpawn,2500.0,2350.0,129.03125,2575.0,2425.0,128.28125
de_inferno,338,Middle,325.0,650.0,80.162224,375.0,725.0,85.864723
de_inferno,71,BombsiteA,2200.0,225.0,135.032288,2400.0,525.0,149.617584
de_inferno,126,Library,2500.0,1275.0,160.03125,2600.0,1425.0,160.03125
de_inferno,406,BackAlley,900.0,-775.0,99.337387,950.0,-700.0,105.971558
de_inferno,3029,,1950.0,2925.0,128.03125,2050.0,2975.0,132.468811
de_inferno,3071,CTSpawn,1850.0,2400.0,132.602676,1875.0,2425.0,132.03125
de_inferno,6,BombsiteB,425.0,3350.0,160.03125,625.0,3600.0,160.03125
de_inferno,820,Ruins,950.0,3275.0,128.03125,975.0,3325.0,129.03125
de_inferno,1203,,-475.0,587.481262,76.03125,-450.0,597.481262,76.03125
de_inferno,1812,Middle,300.0,450.0,81.748116,325.0,475.0,80.076965
de_inferno,2573,SecondMid,225.0,-200.0,74.03125,250.0,-175.0,108.03125
de_inferno,243,Balcony,900.0,-150.0,256.03125,975.0,-75.0,256.03125
de_inferno,1878,BombsiteB,0.0,2425.0,160.03125,75.0,2450.0,160.03125
de_inferno,1946,BombsiteB,350.0,2875.0,160.03125,375.0,2900.0,188.90625
de_inferno,2784,LowerMid,-675.0,525.0,-31.029392,-650.0,575.0,-20.740025
de_inferno,3076,CTSpawn,2425.0,2375.0,128.602676,2500.0,2425.0,128.809021
de_inferno,529,BombsiteB,925.0,2625.0,135.003799,975.0,2675.0,128.279434
de_inferno,2212,CTSpawn,1900.0,2625.0,133.394287,1975.0,2650.0,132.87381
de_inferno,2764,Balcony,2075.0,-325.0,256.03125,2100.0,-250.0,256.03125
de_inferno,349,CTSpawn,1625.0,2400.0,160.03125,1675.0,2500.0,160.03125
de_inferno,180,Apartments,1175.0,275.0,128.03125,1250.0,375.0,128.03125
de_inferno,1404,SecondMid,75.0,-150.0,44.569538,125.0,-125.0,48.818542
de_inferno,1820,Banana,325.0,2000.0,128.03125,350.0,2025.0,128.03125
de_inferno,54,LowerMid,-1000.0,-175.0,0.03125,-875.0,-25.0,0.03125
de_inferno,109,Banana,125.0,1450.0,105.005066,225.0,1600.0,112.888741
de_inferno,2777,TSpawn,-1650.0,650.0,-49.598221,-1600.0,675.0,-51.121452
de_inferno,2868,,1825.0,-100.0,152.03125,1850.0,-75.0,128.03125
de_inferno,102,TSpawn,-1325.0,-200.0,0.03125,-1225.0,-25.0,0.03125
de_inferno,1939,BombsiteB,325.0,2900.0,188.90625,350.0,2925.0,160.03125
de_inferno,2456,Pit,2150.0,-250.0,85.03125,2175.0,-225.0,116.03125
de_inferno,2749,BombsiteA,2200.0,125.0,132.017883,2225.0,175.0,130.08197
de_inferno,2774,TSpawn,-1500.0,600.0,-61.609646,-1425.0,625.0,-47.127594
de_inferno,924,Graveyard,2500.0,25.0,212.121887,2525.0,125.0,212.03125
de_inferno,311,Apartments,1100.0,-50.0,256.03125,1150.0,25.0,256.03125
de_inferno,288,BombsiteB,500.0,2825.0,160.03125,575.0,2900.0,160.03125
de_inferno,2821,BombsiteB,850.0,2500.0,140.298355,875.0,2575.0,142.03125
de_inferno,2951,,2150.0,2750.0,152.03125,2250.0,2875.0,152.03125
de_inferno,686,Apartments,-250.0,-400.0,192.03125,-225.0,-350.0,192.03125
de_inferno,1202,LowerMid,-475.0,650.0,18.03125,-450.0,675.0,-16.472862
de_inferno,2104,BombsiteB,650.0,2750.0,145.013626,675.0,2800.0,131.124847
de_inferno,3060,CTSpawn,1775.0,1625.0,160.03125,1875.0,1750.0,160.03125
de_inferno,3063,CTSpawn,1675.0,1725.0,160.03125,1775.0,1900.0,162.177567
de_inferno,578,Pit,2250.0,-350.0,82.340096,2350.0,-300.0,92.393669
de_inferno,2268,CTSpawn,2225.0,2075.0,128.023758,2250.0,2100.0,127.899994
de_inferno,214,Ruins,675.0,3050.0,160.03125,750.0,3150.0,160.03125
de_inferno,891,BombsiteA,2200.0,950.0,160.03125,2225.0,1000.0,159.559433
de_inferno,897,TopofMid,1300.0,200.0,134.735992,1325.0,250.0,126.217346
de_inferno,1068,TSpawn,-1500.0,625.0,-49.272236,-1425.0,650.0,-43.96875
de_inferno,181,Apartments,1175.0,75.0,256.03125,1250.0,275.0,128.03125
de_inferno,2739,CTSpawn,1950.0,2250.0,136.03125,1975.0,2300.0,136.03125
de_inferno,1199,TRamp,-475.0,875.0,24.03125,-450.0,900.0,-30.268541
de_inferno,2404,BombsiteA,2100.0,150.0,160.03125,2150.0,175.0,160.03125
de_inferno,2653,Arch,1575.0,1025.0,155.109741,1675.0,1075.0,162.05687
de_inferno,2786,TRamp,-525.0,875.0,23.670918,-475.0,900.0,24.03125
de_inferno,2857,LowerMid,-643.0,450.0,76.03125,-633.0,500.0,76.03125
de_inferno,35,BombsiteB,150.0,2450.0,160.03125,300.0,2625.0,160.03125
de_inferno,285,BombsiteB,300.0,2525.0,160.03125,400.0,2600.0,160.03125
de_inferno,2051,BombsiteB,525.0,3050.0,262.03125,550.0,3075.0,262.03125
de_inferno,2752,BombsiteA,2375.0,850.0,152.377045,2400.0,900.0,155.69986
de_inferno,3161,Balcony,2075.0,-250.0,256.03125,2100.0,-200.0,256.03125
de_inferno,220,BombsiteB,800.0,2650.0,132.490372,925.0,2775.0,128.6147
de_inferno,527,Banana,925.0,1875.0,132.67804,1000.0,1925.0,145.373077
de_inferno,123,CTSpawn,1975.0,2250.0,136.03125,2075.0,2375.0,136.03125
de_inferno,918,BombsiteA,2350.0,-50.0,128.381714,2400.0,25.0,128.942093
de_inferno,209,CTSpawn,2075.0,1750.0,128.03125,2150.0,1900.0,128.03125
de_inferno,2645,CTSpawn,1625.0,1900.0,160.03125,1675.0,2000.0,160.03125
de_inferno,2680,LowerMid,-700.0,300.0,-2.576634,-675.0,350.0,2.516291
de_inferno,19,LowerMid,-750.0,625.0,-32.832096,-575.0,800.0,-26.329069
de_inferno,896,BombsiteA,1750.0,-125.0,134.455917,1775.0,-75.0,129.663757
de_inferno,1684,CTSpawn,1775.0,1825.0,160.03125,1800.0,1850.0,162.10495
de_inferno,1962,BombsiteB,400.0,2625.0,160.03125,425.0,2650.0,188.90625
de_inferno,2286,CTSpawn,2300.0,1675.0,160.03125,2375.0,1700.0,155.004227
de_inferno,3062,CTSpawn,1625.0,1725.0,160.03125,1675.0,1900.0,160.746689
de_inferno,29,LowerMid,-825.0,450.0,-31.96875,-675.0,625.0,-32.51931
de_inferno,91,CTSpawn,2300.0,1825.0,126.868477,2475.0,1950.0,129.03125
de_inferno,252,Banana,100.0,1250.0,91.927551,175.0,1325.0,98.480568
de_inferno,284,BombsiteB,150.0,2625.0,160.03125,225.0,2700.0,160.03125
de_inferno,297,CTSpawn,2425.0,2300.0,128.03125,2500.0,2375.0,129.03125
de_inferno,1980,BombsiteB,525.0,3175.0,204.03125,550.0,3200.0,160.03125
de_inferno,2559,Apartments,1925.0,-200.0,256.03125,1950.0,-175.0,256.03125
de_inferno,2765,Apartments,1175.0,-600.0,128.03125,1225.0,-575.0,137.004211
de_inferno,17,TSpawn,-1175.0,-450.0,0.03125,-1000.0,-275.0,0.03125
de_inferno,2785,TRamp,-575.0,875.0,23.670914,-525.0,900.0,24.03125
de_inferno,2780,TSpawn,-1475.0,650.0,-43.96875,-1400.0,675.0,-45.167572
de_inferno,10,BombsiteA,1550.0,-100.0,130.03125,1750.0,100.0,130.649612
de_inferno,481,,900.0,100.0,158.03125,950.0,150.0,158.03125
de_inferno,1928,BombsiteB,325.0,2625.0,188.90625,350.0,2650.0,160.03125
de_inferno,1929,BombsiteB,325.0,2650.0,160.03125,350.0,2675.0,160.03125
de_inferno,2728,BombsiteB,400.0,3525.0,160.03125,425.0,3575.0,160.03125
de_inferno,43,Middle,325.0,500.0,80.076965,475.0,650.0,86.821457
de_inferno,1443,SecondMid,325.0,-150.0,90.03125,350.0,-125.0,58.561653
de_inferno,2057,BombsiteB,450.0,2800.0,160.03125,475.0,2825.0,188.90625
de_inferno,2767,TSpawn,-1350.0,-175.0,-0.99583,-1325.0,-125.0,0.03125
de_inferno,2840,Pit,2425.0,-525.0,85.803719,2475.0,-500.0,84.13221
de_inferno,2944,,275.0,400.0,2.879742,300.0,475.0,3.703009
de_inferno,412,Apartments,975.0,-275.0,256.03125,1050.0,-225.0,257.792236
de_inferno,829,BombsiteB,500.0,2550.0,160.03125,525.0,2600.0,160.03125
de_inferno,886,CTSpawn,2475.0,1850.0,129.03125,2500.0,1925.0,129.03125
de_inferno,325,LowerMid,-475.0,700.0,-31.96875,-425.0,775.0,-31.445543
de_inferno,2635,Banana,125.0,1050.0,79.703568,175.0,1150.0,91.036865
de_inferno,678,Upstairs,-575.0,375.0,40.03125,-550.0,425.0,40.03125
de_inferno,2629,LowerMid,-1000.0,-25.0,0.03125,-925.0,100.0,0.03125
de_inferno,3158,Balcony,1988.182129,-150.0,256.03125,2000.0,-129.475067,292.03125
de_inferno,239,Pit,2575.0,-475.0,86.178246,2650.0,-325.0,88.624954
de_inferno,2695,Banana,100.0,1150.0,84.354813,125.0,1200.0,87.130157
de_inferno,2969,,2100.0,2725.0,150.03125,2125.0,2750.0,152.03125
de_inferno,186,TSpawn,-1300.0,250.0,-55.96875,-1225.0,350.0,-55.96875
de_inferno,378,BombsiteB,600.0,2600.0,159.973587,675.0,2750.0,133.868332
de_inferno,1992,BombsiteB,675.0,3500.0,137.772293,700.0,3550.0,148.461792
de_inferno,2736,BombsiteB,650.0,2550.0,139.930176,675.0,2600.0,136.180878
de_inferno,2748,CTSpawn,2350.0,2275.0,121.683113,2375.0,2325.0,128.03125
de_inferno,216,BombsiteB,0.0,2550.0,160.03125,75.0,2700.0,160.03125
de_inferno,1400,SecondMid,-75.0,-50.0,33.56871,0.0,-25.0,35.703663
de_inferno,1967,BombsiteB,425.0,2725.0,160.03125,450.0,2750.0,160.03125
de_inferno,2572,SecondMid,250.0,-200.0,108.03125,275.0,-175.0,88.03125
de_inferno,3140,BombsiteA,2175.0,475.0,147.671051,2200.0,525.0,146.684418
de_inferno,1111,LowerMid,-825.0,675.0,-29.766796,-800.0,700.0,-8.612144
de_inferno,1122,LowerMid,-800.0,625.0,-32.187141,-775.0,650.0,-10.06791
de_inferno,1733,BombsiteA,1650.0,100.0,129.443939,1700.0,125.0,131.998932
de_inferno,449,SecondMid,-400.0,-200.0,9.278017,-325.0,-150.0,12.472601
de_inferno,1877,BombsiteB,275.0,3150.0,160.03125,400.0,3175.0,160.03125
de_inferno,2740,CTSpawn,1950.0,2300.0,136.03125,1975.0,2350.0,136.03125
de_inferno,2872,,1900.0,-125.0,171.03125,1925.0,-100.0,198.03125
de_inferno,262,SecondMid,-475.0,-225.0,4.723162,-400.0,-150.0,9.159801
de_inferno,2533,Pit,2575.0,-325.0,83.745987,2625.0,-300.0,86.401779
de_inferno,2638,Middle,200.0,600.0,76.583336,250.0,675.0,80.03125
de_inferno,2781,LowerMid,-675.0,600.0,-31.958075,-625.0,625.0,-32.434437
de_inferno,2954,,2125.0,2700.0,134.613739,2225.0,2750.0,152.03125
de_inferno,330,Middle,25.0,550.0,68.521881,75.0,750.0,69.77153
de_inferno,2288,CTSpawn,2300.0,1725.0,138.337479,2375.0,1750.0,128.03125
de_inferno,305,Pit,2350.0,-350.0,86.26152,2450.0,-275.0,86.401787
de_inferno,32,TopofMid,1375.0,550.0,130.327972,1525.0,725.0,137.74791
de_inferno,1688,CTSpawn,1850.0,1825.0,166.03125,1875.0,1850.0,160.03125
de_inferno,3051,Apartments,1825.0,-200.0,256.03125,1925.0,-150.0,256.03125
de_inferno,95,BombsiteA,2125.0,-100.0,127.90184,2250.0,25.0,127.664482
de_inferno,2952,,2100.0,2775.0,156.03125,2150.0,2850.0,152.03125
de_inferno,2308,,2525.0,2200.0,129.03125,2550.0,2225.0,129.03125
de_inferno,169,BombsiteA,2125.0,25.0,126.670876,2225.0,125.0,129.474655
de_inferno,850,,1200.0,2650.0,132.226334,1225.0,2700.0,128.014572
de_inferno,936,Pit,2125.0,-200.0,85.03125,2150.0,-150.0,85.03125
de_inferno,1964,BombsiteB,425.0,2650.0,188.90625,450.0,2675.0,160.03125
de_inferno,124,Quad,1375.0,-100.0,130.03125,1475.0,25.0,130.03125
de_inferno,278,BombsiteA,1875.0,-25.0,127.750496,1950.0,125.0,140.653198
de_inferno,549,CTSpawn,2250.0,2200.0,128.03125,2350.0,2250.0,120.03125
de_inferno,946,SecondMid,-350.0,-275.0,19.097675,-325.0,-200.0,13.977144
de_inferno,2949,Balcony,1988.171387,-101.152802,251.404724,2000.0,-50.0,219.625031
de_inferno,80,TopofMid,1375.0,725.0,131.590897,1500.0,1100.0,155.960602
de_inferno,2746,CTSpawn,2350.0,2175.0,120.03125,2375.0,2225.0,122.06839
de_inferno,3154,Balcony,1988.182129,-129.475067,292.03125,2009.074341,-125.140671,292.03125
de_inferno,1377,Upstairs,-450.0,50.0,184.03125,-425.0,75.0,184.03125
de_inferno,522,BombsiteB,650.0,2425.0,140.362671,700.0,2475.0,136.03125
de_inferno,1088,TSpawn,-1200.0,575.0,-55.96875,-1175.0,600.0,-55.96875
de_inferno,2035,Ruins,925.0,3075.0,144.03125,950.0,3100.0,133.259918
de_inferno,74,Deck,-75.0,0.0,184.03125,250.0,125.0,184.03125
de_inferno,545,CTSpawn,2075.0,2650.0,132.03125,2175.0,2700.0,134.613678
de_inferno,781,Middle,250.0,425.0,80.03125,275.0,475.0,82.375877
de_inferno,1308,Upstairs,-425.0,350.0,184.03125,-400.0,375.0,184.03125
de_inferno,2631,Ruins,1125.0,2650.0,132.177551,1200.0,2825.0,127.531296
de_inferno,2946,,275.0,350.0,1.879072,300.0,400.0,2.869713
de_inferno,2950,Balcony,1975.0,-116.392792,228.03125,1988.171387,-101.152802,251.404724
de_inferno,200,BackAlley,775.0,-625.0,92.962738,850.0,-450.0,93.359612
de_inferno,2598,TSpawn,-1225.0,-475.0,0.03125,-1200.0,-450.0,0.03125
de_inferno,2771,TSpawn,-1650.0,600.0,-63.96875,-1600.0,625.0,-46.085178
de_inferno,313,Banana,150.0,1600.0,113.03125,200.0,1675.0,114.955246
de_inferno,821,Ruins,1025.0,3075.0,128.03125,1050.0,3125.0,128.03125
de_inferno,2052,BombsiteB,525.0,3075.0,262.03125,550.0,3100.0,204.03125
de_inferno,2942,,275.0,250.0,0.249364,300.0,300.0,0.766027
de_inferno,3082,TSpawn,-1325.0,350.0,-55.96875,-1175.0,425.0,-55.96875
de_inferno,312,Apartments,1125.0,-375.0,256.03125,1175.0,-275.0,256.03125
de_inferno,272,SecondMid,875.0,-50.0,92.347038,950.0,25.0,91.601761
de_inferno,1290,Apartments,-450.0,-450.0,192.03125,-425.0,-425.0,192.03125
de_inferno,2627,Apartments,1275.0,-375.0,256.03125,1550.0,-275.0,256.03125
de_inferno,2718,TopofMid,1500.0,325.0,133.345444,1525.0,375.0,136.487457
de_inferno,2727,BombsiteB,400.0,3450.0,160.03125,425.0,3525.0,160.03125
de_inferno,13,Banana,750.0,1850.0,128.179489,925.0,2175.0,140.03125
de_inferno,287,BombsiteB,425.0,2450.0,160.03125,500.0,2525.0,160.03125
de_inferno,23,Ruins,1200.0,2750.0,128.324371,1375.0,2925.0,129.655426
de_inferno,525,,850.0,2175.0,142.03125,950.0,2225.0,140.03125
de_inferno,867,CTSpawn,2025.0,2500.0,131.728088,2050.0,2550.0,130.755371
de_inferno,992,TSpawn,-1200.0,-175.0,0.03125,-1175.0,-150.0,36.28125
de_inferno,1176,LowerMid,-650.0,582.518738,16.041927,-625.0,592.518738,27.759941
de_inferno,1257,Banana,300.0,1925.0,125.53466,325.0,1950.0,129.590744
de_inferno,1681,CTSpawn,1775.0,1750.0,160.03125,1800.0,1775.0,166.03125
de_inferno,2691,LowerMid,-675.0,225.0,-2.847805,-650.0,275.0,8.194291
de_inferno,268,SecondMid,700.0,-250.0,90.401779,800.0,-175.0,92.824738
de_inferno,2829,CTSpawn,1800.0,2225.0,136.03125,1850.0,2250.0,136.03125
de_inferno,1278,LowerMid,-600.0,502.518738,76.03125,-575.0,512.518738,76.03125
de_inferno,1291,Apartments,-450.0,-575.0,192.03125,-425.0,-550.0,192.03125
de_inferno,158,BombsiteB,0.0,2450.0,160.03125,100.0,2550.0,160.03125
de_inferno,682,Kitchen,25.0,325.0,184.03125,50.0,375.0,184.03125
de_inferno,2807,TopofMid,1500.0,800.0,139.239334,1525.0,875.0,149.408295
de_inferno,3166,Balcony,2100.0,-198.831833,256.03125,2109.303223,-175.0,292.03125
de_inferno,414,Banana,225.0,1775.0,120.574356,375.0,1825.0,124.78347
de_inferno,2617,TSpawn,-1600.0,25.0,-63.96875,-1575.0,50.0,-63.96875
de_inferno,907,BombsiteA,2100.0,-100.0,126.948082,2125.0,-25.0,125.37867
de_inferno,326,TRamp,-450.0,850.0,-31.066172,-350.0,925.0,-20.79018
de_inferno,1333,Deck,0.0,125.0,184.03125,25.0,150.0,184.03125
de_inferno,2698,SecondMid,-500.0,-200.0,5.802719,-475.0,-150.0,5.220292
de_inferno,86,SecondMid,800.0,-300.0,98.340843,925.0,-175.0,92.462746
de_inferno,2641,TopofMid,1325.0,525.0,124.02774,1375.0,675.0,130.503815
de_inferno,430,LowerMid,-475.0,600.0,18.03125,-425.0,650.0,18.03125
de_inferno,215,BombsiteB,0.0,3150.0,160.03125,75.0,3250.0,160.03125
de_inferno,1082,TSpawn,-1400.0,275.0,-60.011932,-1375.0,300.0,-60.32119
de_inferno,1150,LowerMid,-675.0,575.0,-31.365505,-650.0,600.0,-31.958075
de_inferno,1620,,850.0,275.0,87.281906,875.0,300.0,89.259926
de_inferno,1682,CTSpawn,1775.0,1775.0,160.03125,1800.0,1825.0,166.03125
de_inferno,1,TSpawn,-1725.0,75.0,-63.96875,-1425.0,400.0,-62.463058
de_inferno,1625,,875.0,275.0,101.759933,900.0,300.0,89.259933
de_inferno,1674,,1675.0,2400.0,160.03125,1700.0,2425.0,160.03125
de_inferno,2588,SecondMid,-575.0,-250.0,3.595993,-500.0,-225.0,4.354666
de_inferno,2806,Arch,1600.0,1000.0,159.002182,1650.0,1025.0,162.133347
de_inferno,2814,Ruins,850.0,3175.0,160.03125,875.0,3250.0,154.759872
de_inferno,96,TSpawn,-1550.0,-200.0,-63.96875,-1450.0,0.0,-63.96875
de_inferno,3168,SecondMid,675.0,-25.0,86.926315,700.0,0.0,88.03125
de_inferno,263,SecondMid,-275.0,-100.0,17.126209,-200.0,25.0,33.031242
de_inferno,93,Arch,1875.0,1000.0,166.659348,2150.0,1225.0,169.771744
de_inferno,354,CTSpawn,1625.0,1625.0,160.03125,1675.0,1725.0,160.03125
de_inferno,423,TSpawn,-1350.0,300.0,-55.96875,-1300.0,350.0,-55.96875
de_inferno,2594,TSpawn,-1050.0,-475.0,0.03125,-1000.0,-450.0,0.03125
de_inferno,2,CTSpawn,2050.0,2400.0,132.03125,2325.0,2650.0,128.03125
de_inferno,51,SecondMid,-75.0,-200.0,36.268677,75.0,-50.0,41.494991
de_inferno,77,SecondMid,275.0,-275.0,88.03125,500.0,-150.0,90.03125
de_inferno,171,BombsiteA,2250.0,-125.0,122.776947,2350.0,25.0,126.963181
de_inferno,1107,LowerMid,-825.0,350.0,-15.98093,-800.0,400.0,-29.847918
de_inferno,2655,BombsiteA,2000.0,300.0,160.03125,2100.0,350.0,160.03125
de_inferno,2827,,1450.0,2725.0,135.243378,1500.0,2750.0,127.492378
de_inferno,26,Pit,2075.0,-475.0,85.03125,2250.0,-300.0,87.401253
de_inferno,948,TSpawn,-1550.0,25.0,-63.96875,-1525.0,75.0,-63.96875
de_inferno,1897,BombsiteB,225.0,2875.0,160.03125,250.0,2900.0,160.03125
de_inferno,2304,,2525.0,2100.0,129.03125,2550.0,2125.0,129.03125
de_inferno,2675,LowerMid,-850.0,450.0,-31.96875,-825.0,500.0,-31.96875
de_inferno,796,Ruins,875.0,3100.0,154.759872,900.0,3250.0,144.03125
de_inferno,1904,BombsiteB,225.0,2700.0,160.03125,250.0,2725.0,160.03125
de_inferno,2692,LowerMid,-675.0,275.0,5.235873,-650.0,325.0,8.879658
de_inferno,2885,,2025.0,-75.0,198.03125,2075.0,-50.0,198.03125
de_inferno,211,BombsiteA,1825.0,600.0,160.03125,1900.0,700.0,160.03125
de_inferno,128,Graveyard,2525.0,25.0,212.03125,2625.0,175.0,212.649399
de_inferno,309,LowerMid,-875.0,-475.0,3.194624,-675.0,-400.0,-0.011747
de_inferno,828,BombsiteB,475.0,3025.0,160.03125,500.0,3075.0,160.03125
de_inferno,928,BombsiteA,2400.0,150.0,124.397552,2425.0,200.0,126.401787
de_inferno,1615,BackAlley,900.0,-675.0,98.347206,925.0,-625.0,115.670898
de_inferno,1748,BombsiteA,1900.0,625.0,160.03125,1925.0,650.0,160.03125
de_inferno,2690,LowerMid,-675.0,325.0,3.198956,-650.0,400.0,6.380476
de_inferno,24,CTSpawn,1675.0,2750.0,127.355545,2075.0,2925.0,133.302841
de_inferno,137,TRamp,-175.0,825.0,23.199821,50.0,925.0,71.524841
de_inferno,141,Kitchen,-275.0,100.0,184.03125,-175.0,200.0,184.03125
de_inferno,2135,BombsiteB,975.0,2650.0,128.507935,1000.0,2675.0,127.986488
de_inferno,2750,BombsiteA,2200.0,175.0,133.215927,2225.0,225.0,131.103287
de_inferno,2779,TSpawn,-1525.0,650.0,-43.96875,-1475.0,675.0,-50.159168
de_inferno,2783,LowerMid,-675.0,450.0,-31.918251,-650.0,525.0,-20.740047
de_inferno,9,Banana,475.0,1925.0,128.437164,675.0,2125.0,135.842911
de_inferno,1922,BombsiteB,275.0,2800.0,160.03125,300.0,2825.0,160.03125
de_inferno,257,Kitchen,-200.0,250.0,184.03125,-75.0,325.0,184.03125
de_inferno,256,Upstairs,-425.0,275.0,184.03125,-350.0,350.0,184.03125
de_inferno,367,Banana,325.0,1925.0,130.03125,375.0,2000.0,128.03125
de_inferno,600,,250.0,1825.0,123.423477,275.0,1875.0,125.245613
de_inferno,700,Underpass,275.0,650.0,19.85363,300.0,725.0,39.199795
de_inferno,2818,Ruins,925.0,3175.0,144.03125,950.0,3250.0,133.259918
de_inferno,202,SecondMid,725.0,0.0,89.371933,825.0,100.0,92.357323
de_inferno,2670,TSpawn,-1425.0,325.0,-62.390274,-1400.0,375.0,-60.739227
de_inferno,2837,Pit,2275.0,-525.0,85.558197,2325.0,-500.0,86.5532
de_inferno,108,Middle,100.0,425.0,67.727692,200.0,625.0,77.130249
de_inferno,393,CTSpawn,1975.0,1625.0,160.03125,2025.0,1700.0,160.03125
de_inferno,887,,2500.0,2075.0,129.03125,2525.0,2125.0,129.03125
de_inferno,3173,Library,2325.0,1400.0,160.03125,2350.0,1550.0,160.03125
de_inferno,92,Library,2475.0,1425.0,160.03125,2600.0,1550.0,160.03125
de_inferno,1990,BombsiteB,650.0,3550.0,192.03125,675.0,3575.0,152.382339
de_inferno,2055,BombsiteB,450.0,2850.0,188.90625,475.0,2875.0,160.03125
de_inferno,888,Library,2300.0,1500.0,160.03125,2325.0,1550.0,160.03125
de_inferno,249,TRamp,-475.0,775.0,-31.616186,-350.0,850.0,-20.96875
de_inferno,1304,Upstairs,-450.0,300.0,189.399658,-425.0,350.0,184.03125
de_inferno,2637,Middle,200.0,500.0,70.141953,250.0,600.0,80.03125
de_inferno,148,SecondMid,325.0,-75.0,57.519512,600.0,25.0,83.724426
de_inferno,184,LowerMid,-1000.0,-475.0,0.03125,-925.0,-175.0,0.03125
de_inferno,2065,BombsiteB,475.0,2700.0,188.90625,500.0,2725.0,160.03125
de_inferno,2787,SecondMid,150.0,-50.0,48.335804,225.0,-25.0,56.295605
de_inferno,146,SecondMid,-325.0,-200.0,13.977144,-225.0,-100.0,23.50964
de_inferno,1044,TSpawn,-1700.0,600.0,-63.96875,-1650.0,675.0,-50.372791
de_inferno,2714,SecondMid,925.0,-125.0,91.291092,950.0,-50.0,88.684441
de_inferno,2789,SecondMid,575.0,-150.0,90.03125,650.0,-125.0,82.084473
de_inferno,2856,,-75.0,-19.0,220.03125,0.0,-9.0,220.03125
de_inferno,523,BombsiteB,750.0,2950.0,129.031158,800.0,3000.0,131.501114
de_inferno,3052,Library,2425.0,1100.0,159.634323,2475.0,1125.0,160.03125
de_inferno,2133,BombsiteB,875.0,2625.0,141.860001,925.0,2650.0,132.557999
de_inferno,73,Banana,100.0,1325.0,96.070786,225.0,1450.0,105.34446
de_inferno,225,Ruins,1150.0,2975.0,128.03125,1225.0,3075.0,129.03125
de_inferno,532,,1225.0,2625.0,135.191696,1275.0,2675.0,133.541458
de_inferno,1425,,225.0,675.0,79.053558,250.0,700.0,36.072521
de_inferno,2642,TopofMid,1325.0,675.0,133.19165,1375.0,825.0,139.147369
de_inferno,2833,CTSpawn,2375.0,1950.0,121.455841,2425.0,1975.0,125.537476
de_inferno,3085,TSpawn,-1300.0,425.0,-55.96875,-1175.0,475.0,-55.96875
de_inferno,30,Upstairs,-475.0,75.0,184.03125,-325.0,275.0,184.03125
de_inferno,87,BombsiteB,150.0,2900.0,160.03125,275.0,3025.0,160.03125
de_inferno,332,Apartments,-450.0,-425.0,192.03125,-400.0,-350.0,192.03125
de_inferno,457,SecondMid,275.0,-50.0,56.968323,325.0,25.0,65.950172
de_inferno,2086,BombsiteB,575.0,2875.0,160.03125,600.0,2900.0,160.03125
de_inferno,2632,Ruins,1125.0,2825.0,129.006317,1200.0,2975.0,126.8498
de_inferno,2825,,1325.0,2725.0,128.014572,1400.0,2750.0,127.492378
de_inferno,2945,,275.0,300.0,0.772039,300.0,350.0,1.926769
de_inferno,21,Middle,950.0,425.0,87.958076,1325.0,600.0,123.504608
de_inferno,3093,Graveyard,2500.0,400.0,212.977203,2575.0,575.0,216.482788